
{
	"Format": "1.11.0",
"ConfigSchema": {
	"JustaCat": {
			"AllowValues": "true, false",
			"Default": "false"
				}		
			},			

	

"Changes": [
	{	"LogName": "NPC Manifestation #1", 
		"Action": "EditData", 
		"Target": "Data/NPCDispositions", 
		"Entries": { 
			"MisterGinger": "adult/rude/outgoing/neutral/male/not-datable/null/Town/summer 20//AnimalShop 7 16/Mr.Ginger"
							}
			},

		{	"LogName": "NPC Manifestation #2", 
			"Action": "EditData", 
			"Target": "Data/NPCDispositions", 
			"Entries": { 
				"MisterGinger": "adult/rude/outgoing/neutral/male/datable/null/Town/summer 20/Jas 'human' PregnancyRole adopt/AnimalShop 7 16/Mr.Ginger"
				                },
			"When": {
				"HasSeenEvent": "50706121"
				
				
					}
			},
		{	"LogName": "NPC Manifestation #3", 
			"Action": "EditData", 
			"Target": "Data/NPCDispositions", 
			"Entries": { 
				"MisterGinger": "adult/rude/outgoing/neutral/male/datable/null/Town/summer 20/Jas 'daughter'/AnimalShop 7 16/Tristan"
									},
			    "When": {
				"HasSeenEvent": "50706130",
				"Hearts:MisterGinger": "8,9,10,11,12,13,14",
				"Relationship:MisterGinger": "Married",
				"JustaCat": "false"
						}				
				
		},
		
		{	"LogName": "NPC Gift Tastes", 
			"Action": "EditData", 
			"Target": "Data/NPCGiftTastes",
			"Entries": {
				"MisterGinger": "Mirrup!/130 139 148 198 227 267 424 426 715/Mirp!/-4 168 95 50 125 195 209 228 305 444 446 684 685 732/Mirrrrp?/-81 -2 -75 -79 -7/Mirruck/2 220 221 222 223 -26 395/Mirrrr?//"
						}
		},
		{	"LogName": "NPC Gift Tastes", 
			"Action": "EditData", 
			"Target": "Data/NPCGiftTastes",
			"Entries": {
				"MisterGinger": "Oooh, an offering of tribute! I love it. *purrs*/130 139 148 198 227 267 424 426 715/Oooh, a gift for me? This is great!/-4 168 95 50 125 195 209 228 305 444 446 684 685 732/This is for me? Am I supposed to... eat it?/-81 -2 -75 -79 -7/I don't appreciate being mocked, @./2 220 221 222 223 -26 395/Oh, you got me a gift. Whatever.//"
						},
						"When": {
							"HasSeenEvent": "50706121"
						}
					},
		
		{	"LogName": "NPC Gift Tastes", 
			"Action": "EditData", 
			"Target": "Data/NPCGiftTastes",
			"Entries": {
				"MisterGinger": "Ah, you know me so well, @. I love it, and you're awesome./202 212 198 227 267 424 426 715/Ooh, a gift for me? This is great!/-4 168 95 50 125 195 209 228 305 444 446 732/What am I supposed to do with this?/-81 -2 -75 -79 -7/Now you're just making fun of me./2 220 221 222 223 -26 395 684 685/A gift? Why, thank you.//"
						},
					"When": {
						"HasSeenEvent": "50706130",
						"Hearts:MisterGinger": "8,9,10,11,12,13,14",
						"Relationship:MisterGinger": "Married",
						"JustaCat": "false"
									}
					},

		{	"LogName": "Animations", 
			"Action": "EditData",
			"Target": "Data/animationDescriptions",
			"Entries": {
                "MrG_Grooming": "24 25 26/23 23 29 29 30 30 31 31 30 30 23 23 27 27 27 27 27 27 27 27 27 27 27 27 27 27 27 27 27 27 27 27 56 56 57 57 58 58 59 59 58 58 56 27 27 27 27 27 27 27 27 27 27 27 27 27 27 27 27 27 27 27 27/26 25 24",
				"MrG_Sleep": "36/36 36 36 36 36 36 36 36 37 37 37 37 37 37 37 37/36",
				"MrG_Door": "16 17/18 19/17 16",
				"MrG_Floop": "32 33 34/35/34 33 32",
				"MisterGinger_Sleep": "22/22/22",
				"Tristan_Sleep": "22/22/22"
			        	}
		},
		{	"LogName": "Mister Ginger Portraits", 
			"Action": "Load",
			"Target": "Portraits/MisterGinger",
			"FromFile": "assets/Images/MisterGingerPortrait.png"
		},
		{	"LogName": "Tristan Sprites",
			"Action": "EditImage",
			"Target": "Characters/MisterGinger",
			"FromFile": "assets/Images/MisterGingerSprites2.png",
			"When": {
				"HasSeenEvent": "50706130",
				"Hearts:MisterGinger": "8,9,10,11,12,13,14",
				"Relationship:MisterGinger": "Married",
				"DayofWeek": "Tuesday, Wednesday, Thursday, Saturday, Sunday",
				"JustaCat":"false"
			}
		},
		{	"LogName": "Tristan Portraits", 
			"Action": "EditImage",
			"Target": "Portraits/MisterGinger",
			"FromFile": "assets/Images/MisterGingerPortrait2.png",
			"When": {
				"HasSeenEvent": "50706130",
				"Hearts:MisterGinger": "8,9,10,11,12,13,14",
				"Relationship:MisterGinger": "Married",
				"DayofWeek": "Tuesday, Wednesday, Thursday, Saturday, Sunday",
				"JustaCat": "false"

			}
		},		
		{	"LogName": "Mister Ginger Sprites",
			"Action": "Load",
			"Target": "Characters/MisterGinger",
			"FromFile": "assets/Images/MisterGingerSprites.png"	
		},	
		{	"LogName": "Mister Ginger Sprites",
			"Action": "Load",
			"Target": "Characters/MisterGinger_Fish",
			"FromFile": "assets/Images/MisterGinger_Fish.png"	
		},
		{	"LogName": "Mister Ginger Sprites",
			"Action": "Load",
			"Target": "Characters/MisterGinger_NoFish",
			"FromFile": "assets/Images/MisterGingerSprites.png"	
		},	
	

		{	"LogName": "Dialogue", 
			"Action": "Load",
			"Target": "Characters/Dialogue/MisterGinger",
			"FromFile": "assets/Dialogue/dialogue.json" ,
			"When": {
				"HasSeenEvent:50706121":false
			}              
		},
		{
			"Action": "Load",
			"Target": "strings/schedules/MisterGinger",
			"FromFile": "assets/StringsMisterGinger.json",
			"When": {
				"HasSeenEvent:50706121":false
			}              
		},

		{
			"Action": "Load",
			"Target": "strings/schedules/MisterGinger",
			"FromFile": "assets/StringsMisterGinger6.json",
			"When": {
				"HasSeenEvent:50706121":true
			}              
		},
		{ "Action": "EditData",
			"Target": "Strings/StringsFromMaps",
			"Entries": {
					"MrGinger.1": "'East of the Sun, West of the Moon'. Mr. Ginger can read?!"
					}
		},


		{	"LogName": "Dialogue 6-hearts",
			"Action": "Load",
			"Target": "Characters/Dialogue/MisterGinger",
			"FromFile": "assets/Dialogue/dialogue6.json",
				"When": {
					"HasSeenEvent:50706121":true
				}
			},
			{	"LogName": "Dialogue 6-hearts",
				"Action": "EditData",
				"Target": "Characters/Dialogue/MisterGinger",
				"FromFile": "assets/Dialogue/HarvestGoddess.json",
					"When": {
						"HasSeenEvent:50706121":true,
						"HasMod:Ran.HarvestGoddess":true
						}
					
				},
{
	"LogName": "Birthday Gift Dialogue",
	"Action": "EditData",
	"Target": "Strings/StringsFromCSFiles",
	"Entries": {
		"NPC.cs.4274": "Mirrupppp!$1",
		"NPC.cs.4275": "Mirrupppp!$1",
		"NPC.cs.4276": "Mirp!$1/Mirp!$1",
		"NPC.cd.4277": "Mirp!$1",
		"NPC.cs.4278": "Murr....$3/Murrrr....$3",
		"NPC.cs.4279": "Murr....$3/Murrrr....$3",
		"NPC.cs.4280": "Mirp?",
		"NPC.cs.4281": "Mirp?"
	},
		"When": {
				"Season": "summer",
				"Day": "20",
				"HasSeenEvent:50706121":false
				
}
},
{
	"LogName": "Birthday Gift Dialogue",
	"Action": "EditData",
	"Target": "Strings/StringsFromCSFiles",
	"Entries": {
		"NPC.cs.4274": "Oh! This is great! I like these human gift-giving customs!$4",
		"NPC.cs.4276": "Oooh, a gift for me! Because I'm a year older? What an achievement! Thanks!$4/Oooh, a gift for me? Because I'm a year older? What an achievement! Thanks!$4",
		"NPC.cs.4277": "Oooh, a gift for me! Because I'm a year older? What an achievement! Thanks!$4",
		"NPC.cs.4278": "It's my birthday? So you're giving me trash? Interesting human custom.$3/It's my birthday? So you're giving me trash? Interesting human custom.$3/",
		"NPC.cs.4279": "It's my birthday? And this is the customary useless offering?$3",
		"NPC.cs.4280": "Oh! A gift for me? Today's my birthday? Ah, you humans have such quaint customs.",
		"NPC.cs.4281": "Oh! A gift for me? Today's my birthday? Ah, you humans have such quaint customs."
	},
		"When": {
				"Season": "summer",
				"Day": "20",
				"HasSeenEvent:50706121":true
				
}
},

			{
				"Action": "EditData",
				"Target": "strings/StringsFromCSFiles",
				"Entries": {
				"Utility.cs.5367": "Well, this is unusual, but very well, if you insist. *Clears throat*#$b#It is my great honor on this day {0} of {1}, to support @ and, erm, Mr. Ginger in pledging their dedication to one another.",
				"Utility.cs.5369": "Well, this is unusual, but very well, if you insist. *Clears throat*#$b#It is my great honor on this day {0} of {1}, to support @ and, erm, Mr. Ginger in pledging their dedication to one another.",
				"Utility.cs.5371": "@... Ginger... #$b# As the mayor of Pelican Town, and regional bearer of the matrimonial seal, I now pronounce you companions for life!$h",
				"Utility.cs.5377": "@... Ginger... #$b# As the mayor of Pelican Town, and regional bearer of the matrimonial seal, I now pronounce you companions for life!$h",
				"Utility.cs.5379": "You may, um, hug or something?",				
				"Game1.cs.2782": "Oooh, that was fun, wasn't it?$3#$e#And now here I am, living on a farm! Do you have any rats or mice? Well, not for long!$4",
				"NPC.cs.4439": "A miniature human stumbling around? It better not step on my tail!#$b#Still, whatever makes you happy. I'll deal.$3",
                "NPC.cs.4440": "Let me get this straight: you fill in some paperwork, and they deliver a baby to the door?#$b#That's much less messy than the way cats do things.",
                "NPC.cs.4441": "Mirp? {0}, I accidently chewed on the adoption papers.#$b#What? They were fluttering in the wind, I thought they were a moth.",
				"NPC.cs.4444": "Babies... they're human kittens, right? This is gonna be great! I'm gonna teach it to hunt, and climb trees and... what?$1",
				"NPC.cs.4447": "What sort of things do babies like? Sleeping, screaming?#$b#Those big fluffy fake animals with glass eyes? You can keep those away from me! Freakish things.",
				"NPC.cs.4448": "Let me get this straight: you fill in some paperwork, and they deliver a baby to the door?#$b#That's much less messy than the way cats do things.",
				"NPC.cs.4449": "I need a minute to myself...  Hey, they're not MY kids.$5",
				"NPC.cs.4462": "I got up early and watered some crops for you. And you know how I feel about water!",
				"NPC.cs.4463": "#$e#Oh, and I filled {0}'s water bowl. Poor, simple house pets, don't know enough to find their own water.",
				"NPC.cs.4465": "Mirrrp? Have you brought me something delicious {0}?",
				"NPC.cs.4466": "*yawns* Ah, good morning, {0}. I was just catching up on my beauty sleep.",
				"NPC.cs.4470": "I got up early to water your crops, and almost got doused by the sprinklers!$2#$b#They're evil, I tell you, evil!.$5",
				"NPC.cs.4474": "I got up early and fed all your dim-witted farm animals. Now you've more time to catch me fish.$1",
				"NPC.cs.4481": "I couldn't sleep, so I got up and repaired a few of the fences. Can't have the animals running away, can we?",
				"NPC.cs.4500": "Humans... can't tidy up after themselves. What sort of mess do you call this? At least all I leave is my fur."
				
				},
				"When": {
				"Relationship:MisterGinger": "Engaged, Married"
				}
			},
{
				"Action": "EditData",
				"Target": "strings/StringsFromCSFiles",
				"Entries": {
				"NPC.cs.4439": "A baby... who would've thought? Me, a dad.",
                "NPC.cs.4440": "{0}, do you think they'll approve our adoption request? What if they don't?#$b#What if they do? I'm gonna be a dad!",
                "NPC.cs.4441": "{0}, I filed our adoption papers. Now we wait for a baby to be delivered like a mail package? Weird.",
				"NPC.cs.4444": "{0}, we're going to have a baby soon. They don't come with an instruction manual, do they?",
				"NPC.cs.4447": "{0}, we're going to have a baby. There's like this weird fluttering in my belly.$2#$b#What if I'm not a good dad?$2",
				"NPC.cs.4448": "{0}, I can't believe you're pregnant. That this is my life now.$4",
				"NPC.cs.4449": "I need a minute to myself, {0}. Kids are pretty full-on.$2",
				"NPC.cs.4462": "I got up early and watered some crops for you. Nothing like a breath of fresh morning air.",
				"NPC.cs.4463": "#$e#Oh, and I filled {0}'s water bowl.",
				"NPC.cs.4465": "Hi. I missed you, {0}!",
				"NPC.cs.4466": "*yawns* Ah, good morning, {0}.",
				"NPC.cs.4470": "I got up early to water your crops, and almost got doused by the sprinklers!$2",
				"NPC.cs.4474": "I got up early and fed all the farm animals. That should make things easier today.",
				"NPC.cs.4481": "I couldn't sleep, so I got up and repaired a few of the fences. Can't have the animals running away, can we just?",
                "NPC.cs.4500": "You've left stuff littered all over the place again, @. Would you please tidy it up? If I do, I'll just put it in the wrong place."
				},
				"When": {
				"Relationship:MisterGinger": "Engaged, Married",
				"HasSeenEvent": "50706130",
					"JustaCat": "false"
				}
			},
			{ 	"LogName": "Adopting a baby with the cat",
				"Action": "EditData",
				"Target": "strings/Events",
				"Entries": {  
					"BirthMessage_Adoption": "Your new baby {0} has arrived! I hope you're ready to be a parent.",
					"BirthMessage_PlayerMother": "Your new baby {0} has arrived! I hope you're ready to be a parent.",
					"BirthMessage_SpouseMother": "Your new baby {0} has arrived! I hope you're ready to be a parent.",
					"HaveBabyQuestion": "Am I ready to adopt a baby?",
					"HaveBabyQuestion_Adoption": "Am I ready to adopt a baby?",
					"BabyNamingTitle_Male": "What should we name him?",
        			"BabyNamingTitle_Female": "What should we name her?"
					},
				"When": {
					"Spouse:MisterGinger": "True"
					}

				},
			{	"LogName": "Having a baby with Tristan",
				"Action": "EditData",
				"Target": "strings/Events",
				"Entries": {  
					"BirthMessage_Adoption": "Your new baby {0} has arrived! I hope you're ready to be a parent.",
					"BirthMessage_PlayerMother": "During the night, your new baby was born.",
					"BirthMessage_SpouseMother": "During the night, your new baby was born.",
					"HaveBabyQuestion": "{0}, should we have a child?",
					"HaveBabyQuestion_Adoption": "{0}, should we adopt a child?"
					},
				"When": {
					"Spouse:MisterGinger": "True",
					"HasSeenEvent": "50706130",
					"JustaCat": "false"
					}
				},


			{	"LogName": "Marriage Dialogue", 
				"Action": "Load",
				"Target": "Characters/Dialogue/MarriageDialogueMisterGinger",
				"FromFile": "assets/Dialogue/HousemateDialogue.json",
				"When": {	
					"HasSeenEvent:50706130":false
				}
					             
			},
			{	"LogName": "Tristan Marriage Dialogue",
				"Action": "Load",
				"Target": "Characters/Dialogue/MarriageDialogueMisterGinger",
				"FromFile": "assets/Dialogue/MarriageDialogue.json",
				"When": {
					"HasSeenEvent:50706130": true,
					"JustaCat": false
					
				}
			},
			{	"LogName": "Marriage Dialogue", 
				"Action": "Load",
				"Target": "Characters/Dialogue/MarriageDialogueMisterGinger",
				"FromFile": "assets/Dialogue/HousemateDialogue.json",
				"When": {
					"HasSeenEvent:50706130": true,
					"JustaCat": true               
				}
			},
		{
		
			"LogName": "Engagement Dialogue", 
			"Action": "EditData",
			"Target": "Data/EngagementDialogue",
			"Entries": {
				"MisterGinger0": "You do realize I'm a cat, don't you?#$b#Good, just checking.#$b#I'm fairly certain this is unorthodox even by your strange human standards, but fish and cheese for the rest of my life?$3",
				"MisterGinger1": "Do you doubt me, @? Everything is under control. I have contacts, you know.$1#$b#Well, _a_ contact, and that's Ras. But he's pretty good at getting stuff sorted.$4" 
			}
		},


		{
			"LogName": "Rainy Day Dialogue",
			"Action": "EditData",
			"Target": "Characters/Dialogue/rainy",
			"Entries": {
					"MisterGinger": "Murrrr.....$2"
					}
			},
	{	"LogName": "Rainy Day Dialogue 6-hearts",
		"Action": "EditData",
		"Target": "Characters/Dialogue/rainy",
		"Entries": {
					"MisterGinger": "Gah, I hate rain. Still, a good excuse to stay inside and sleep, right?"
						},
			"When": {
				"HasSeenEvent": "50706121"
			}
		},
		{	"LogName": "Schedule", 
			"Action": "Load",
			"Target": "Characters/schedules/MisterGinger",
			"FromFile": "assets/schedule.json"
		},
		
		{ 
			"Action": "EditData",
			"Target": "data/festivals/spring13",
			"Entries": {
			  "MisterGinger": "Murr!"
			}
		  },
		  
		  {
			"Action": "EditData",
			"Target": "data/festivals/spring13",
			"Entries": {
				"MisterGinger": "A festival to celebrate those miniature dinosaurs? Why?$2#$b#And the tiny little ones, they're not even a mouthful. Not worth the effort.",
				"MisterGinger_spouse": "Hello favorite human! I hope you're planning on thrashing Abby at the egg hunt!"	
						},
			"When": {
				"HasSeenEvent": "50706121"
			}
		  },
 {
	"Action": "EditData",
	"Target": "data/festivals/spring24",
	"Entries": {
	  "MisterGinger": "Mirrup!"
			}
		},
		  

		  {
			"Action": "EditData",
			"Target": "data/festivals/spring24",
			"Entries": {
			  "MisterGinger": "Hm... Do you think Marlon's ever gonna ask her to dance?$1#$b#I've seen him face down terrifying monsters, what's he got to lose? His other eye?$3",
			  "MisterGinger_spouse": "I suppose I *could* be persuaded to dance. But it had better not end up on MewTube!$3"
							},
			"When": {
				"HasSeenEvent": "50706121"
				}
	},
	{
		"LogName": "Marriage Flower Dance Accept",
		"Action": "EditData",
		"Target": "Strings/StringsFromCSFiles",
		"Entries": {
			"Event.cs.1632": "There's only one person here I'd like to dance with.$2#$b#It's you, of course!$1"
		},
			"When":{
				"Relationship:MisterGinger": "Married"
			}
	},
	{
		"Action": "EditData",
		"Target": "data/festivals/spring24",
		"Entries": {
		  "MisterGinger": "If you wanna dance with me, better get in quick! Pretty sure Abigail's got her eyes on me.$4"
						},
		"When": {
			"HasSeenEvent": "50706130",
			"JustaCat": "false",
			"Relationship:MisterGinger": "Married"
							}
},
	
		{
			"Action": "EditData",
			"Target": "data/festivals/summer11",
			"Entries": {
			  "MisterGinger": "Mirrp?"
			}
		},
		
		{
			"Action": "EditData",
			"Target": "data/festivals/summer11",
			"Entries": {
			  "MisterGinger": "I wouldn't eat the soup if I were you. It's gonna taste like mouse entrails and old socks. #$b#Why? Cos that's what I added.$3"
			  
								},
				"When": {
				"HasSeenEvent": "50706121"
			}
		
		  },
	{
		"Action": "EditData",
		"Target": "data/festivals/summer11",
		"Entries": {
	  "MisterGinger": "Not gonna lie, I'm mostly here for the buffet - and to spend time with you, obviously.$1"
							},
			"When": {
				"HasSeenEvent": "50706130",
				"JustaCat": "false",
				"Relationship:MisterGinger": "Married"
								}
	},


		  {
			"Action": "EditData",
			"Target": "data/festivals/summer28",
			"Entries": {
			  "MisterGinger": "Mirrup!"
			}
		  },
		  
		  {
			"Action": "EditData",
			"Target": "data/festivals/summer28",
			"Entries": {
			"MisterGinger": "They're not made of jelly, and they're not fish.#$b#Why do humans give things stupid names?"
						},
			"When": {
				"HasSeenEvent": "50706121"
			}
		  },  
		  {
			"Action": "EditData",
			"Target": "data/festivals/summer28",
			"Entries": {
			  "MisterGinger": "Romantic? Well, I suppose it might be if the whole town hadn't come down to watch them.#$b#Okay, I admit it, they're kinda pretty."
							},
			"When": {
				"HasSeenEvent": "50706130",
				"JustaCat": "false",
				"Relationship:MisterGinger": "Married"
								}
	},
		  {
			"Action": "EditData",
			"Target": "data/festivals/fall16",
			"Entries": {
			  "MisterGinger": "Mirrup!"
			}
		  },
		  
		  {
			"Action": "EditData",
			"Target": "data/festivals/fall16",
			"Entries": {
			  "MisterGinger": "Are you gonna get your fortune told, @? Ras thinks she's the real deal, but I don't know...#$b#She'll probably just tell you there's a dark handsome stranger in your future.",
			  "MisterGinger_spouse": "I'll tell your fortune for free, @.#$b#It involves fish and a warm bed.$3"
									},
			"When": {
				"HasSeenEvent": "50706121"
									}
		  },

		  {
			"Action": "EditData",
			"Target": "data/festivals/fall16",
			"Entries": {
			  "MisterGinger": "Dark handsome stranger, eh? Is that what she told you.$6#$b#She's a wise woman, Madame Welwick."
							},
			"When": {
				"HasSeenEvent": "50706130",
				"JustaCat": "false",
				"Relationship:MisterGinger": "Married"
								}
	},
		  {
			"Action": "EditData",
			"Target": "data/festivals/fall27",
			"Entries": {
			  "MisterGinger": "Me-ow?"
			}
		  },
		  
		  {
			"Action": "EditData",
			"Target": "data/festivals/fall27",
			"Entries": {
			  "MisterGinger": "What if I'm this golden 'Pumpkin' that everyone is looking for?$2",
			  "MisterGinger_spouse": "Spirit's eve makes my whiskers tingle. But maybe that's just the pumpkin spice."
							},
		
			"When": {
				"HasSeenEvent": "50706121"
				}
				
		  },
	{
			"Action": "EditData",
			"Target": "data/festivals/fall27",
			"Entries": {
			  "MisterGinger": "Don't tell Marnie, but as soon as she's distracted by the Mayor and his \"important duties\", Jas and me are totally gonna sneak into the maze.$3#$b#The golden pumpkin shall be ours!$1"
							},
			"When": {
				"HasSeenEvent": "50706130",
				"JustaCat": "false",
				"Relationship:MisterGinger": "Married"
								}
	},
	{
		"Action": "EditData",
		"Target": "data/festivals/fall27",
		"Entries": {
		  "MisterGinger": "Don't tell Marnie, but as soon as she's distracted by her warrior-pirate, Jas and me are totally gonna sneak into the maze.$3#$b#The golden pumpkin shall be ours!$1"
						},
		"When": {
			"HasSeenEvent:50706130": true,
			"HasSeenEvent:50706110": true,
			"JustaCat": "false",
			"Relationship:MisterGinger": "Married"
							}
},	
	
		  {
			"Action": "EditData",
			"Target": "data/festivals/winter8",
			"Entries": {
				"MisterGinger": "Mirp!"
			}
		  },
		  
		  {
			"Action": "EditData",
			"Target": "data/festivals/winter8",
			"Entries": {
			  "MisterGinger": "*singing* 'Fish, fish, my favorite dish'. Oh, hello @.$1#$b#Do you think if I ask nicely, they'll let me take some of these home?$4#$b#They're just gonna toss 'em back? What a waste.$2",
			  "MisterGinger_spouse": "Catch lots of fish! Maybe we can smuggle some out. What else are pockets for? $3"
			},
			"When": {
				"HasSeenEvent": "50706121"
				}
		  },
		  {
			"Action": "EditData",
			"Target": "data/festivals/winter8",
			"Entries": {
			  "MisterGinger": "Fur's warmer on a day like this!#$b#Come, join us, Linus knows some pretty good yarns."
							},
			"When": {
				"HasSeenEvent": "50706130",
				"JustaCat": "false",
				"Relationship:MisterGinger": "Married"
								}
	},
		  {
			"Action": "EditData",
			"Target": "data/festivals/winter25",
			"Entries": {
			  "MisterGinger": "Murrr...$2"
			}
		  },
		  
		  {
			"Action": "EditData",
			"Target": "data/festivals/winter25",
			"Entries": {
			  "MisterGinger": "What? I'm not sulking cos no-one brought me a gift!$2#$b#Well, except for Jas!$1",
			  "MisterGinger_spouse": "Ooh, which ones do you think are for me, @?$1#$b#I hope you got me something good!$4"
			},
			"When": {
				"HasSeenEvent": "50706121"
				}
		  },

		  {
			"Action": "EditData",
			"Target": "data/festivals/winter25",
			"Entries": {
			  "MisterGinger": "I hope Jas likes the present I got her... I've never been able to buy her books before."
							},
			"When": {
				"HasSeenEvent": "50706130",
				"JustaCat": "false",
				"Relationship:MisterGinger": "Married"
								}
	},

	
		{	"LogName": "2-heart Event",
			"Action": "EditData",
			"Target": "Data/Events/Town",
			"Entries": {
			"50706117/f MisterGinger 500/t 1400 1700/w sunny": "springtown/43 75/Emily -100 -100 2 MisterGinger 45 71 0 farmer 38 72 2/skippable/pause 500/animate MisterGinger false true 250 18 19/playSound cat/pause 700/move farmer 3 0 1/pause 250/stopAnimation MisterGinger/animate MisterGinger false false 250 17 16/pause 500/faceDirection MisterGinger 3/pause 250/playSound cat/pause 1000/animate MisterGinger false false 250 16 17/pause 500/animate MisterGinger false true 250 18 19/pause 500/pause 250/playSound cat/emote farmer 8/playSound stoneStep/pause 250/stopAnimation MisterGinger/pause 250/move MisterGinger 0 1 0/move MisterGinger 1 0 3/playSound doorOpen/warp Emily 45 71/pause 250/playSound cat/pause 250/playSound cat/pause 250/speak Emily \"Hello Osiris!$1\"/pause 250/speak MisterGinger \"Mirrrp?$2\"/pause 250/speak Emily \"Okay, okay... Don't tell Gus!$3\"/move MisterGinger 1 0 3/move MisterGinger 0 1 3/pause 250/playSound cat/move Emily 0 1 1/pause 250/playSound woodyStep/addObject 46 72 142/move MisterGinger -1 0 0/pause 250/playSound cat/pause 250/animate MisterGinger false false 250 42 43/animate MisterGinger false true 350 43 60 61 62/pause 500/speak Emily \"Oh, you are hungry, aren't you, Osiris?$2\"/pause 250/move farmer 2 0 1/pause 250/emote farmer 8/pause 250/faceDirection Emily 3/pause 250/jump Emily 4/pause 250/speak Emily \"Oh, hello @! You surprised me.$1\"/pause 250/pause 250/speak Emily \"You're not going to tell Gus are you?$2\"/pause 250/emote farmer 32/pause 250/speak Emily \"Phew. I know Osiris lives on the ranch, and he's probably well fed - but he always seems so hungry.$3\"/pause 250/stopAnimation MisterGinger/removeObject 46 72/pause 250/pause 250/animate MisterGinger false false 250 24 25 26 27 23/pause 1250/animate MisterGinger false true 200 29 30 29 23/playSound cat/pause 500/speak Emily \"He's a very special creature, Osiris. Sometimes I get the feeling that he's more than just a cat.$4\"/pause 500/playSound cat/speak Emily \"Although maybe there's no such thing as 'just a cat'!$1\"/pause 500/pause 250/question null \"What do you think?#There's definitely something unique about him!#All cats have a mind of their own.\"/pause 500/textAboveHead Emily \"Too right!\"/pause 250/showFrame MisterGinger 25/playSound cat/pause 250/pause 500/faceDirection Emily 2/speak Emily \"Did you like that, Osiris?$3\"/pause 250/speak MisterGinger \"Mirp!$1\"/animate Misterginger false true 200 29 30 29 23/pause 250/textAboveHead Emily \"I'm glad!\"/pause 250/faceDirection Emily 3/pause 250/speak Emily \"He appeared in town soon after Jas arrived here. She was just a tiny girl, recently orphaned. It was so sad!$2#$b#Nobody knew where he came from, or who he belonged to, but do you know what?$3#$b#... I believe he's her guardian angel.$4\"/pause 500/playSound cat/pause 500/playSound stoneStep/pause 250/speak Emily \"Oops, I'd better go. Gus'll be wondering what I've got up to. Goodbye @, and goodbye Osiris. See you 'round!\"/faceDirection Emily 0/pause 250/move Emily 0 -1 0/playSound doorOpen/warp Emily -100 -100/pause 500/faceDirection farmer 1/stopAnimation MisterGinger/move MisterGinger -2 0 3/pause 250/speak MisterGinger \"Murrrrr?$2\"/pause 500/emote farmer 32/pause 1000/end"
			}				 
		},
	{	"LogName": "4-heart Event",
		"Action": "EditData",
		"Target": "Data/Events/SeedShop",
						
		"Entries": {  
		"50706118/f MisterGinger 1000/d Mon Wed Thu Fri Sat Sun/t 1100 1500": "aerobics/-1000 -1000/farmer 14 12 1 Marnie 23 18 0 Robin 25 18 0 Caroline 24 15 2 Jodi 27 16 0 Pierre 9 17 1 MisterGinger 14 16 0/skippable/viewport 24 17 true/pause 500/animate Marnie false true 250 24 25 26 27/animate Jodi false true 250 19 19 19 19 20 21 22 23 23 23 23 22 21 20 19 19 20 21 22 23 23 23 23 22 21 20 21 22 23 22 21 20 22 23 22 21 20/animate Caroline false true 250 16 16 17 17 16 16 18 18/animate Robin false true 250 28 28 29 30 30 31/pause 1000/doAction 14 16/playSound doorOpen/faceDirection farmer 2/move MisterGinger 0 -3 0/pause 500/playSound cat/move farmer -1 0 1/pause 250/move MisterGinger 0 -1 1/speed MisterGinger 2/move MisterGinger 6 0 1/move Pierre 5 0 0/move farmer 6 0 2/pause 500/move MisterGinger 0 5 1/doAction 14 16/move Pierre 0 -4 0/pause 500/move MisterGinger 4 0 0/pause 250/stopAnimation Caroline/faceDirection Caroline 2/pause 250/playSound cat/move Pierre 0 -1 1 true/emote Caroline 12/pause 250/textAboveHead MisterGinger \"Meow?\"/pause 1000/textAboveHead Caroline \"Shoo!\"/stopAnimation Marnie/pause 500/speak Marnie \"Hello Mr. Ginger! Dropped by to join us for some exercise, did you?$1\"/move Marnie 0 -1 1/pause 250/faceDirection MisterGinger 3/pause 500/textAboveHead MisterGinger \"Mirp!\"/pause 500/stopAnimation Robin/faceDirection Robin 0/pause 500/speak Robin \"Hello kitty! Aren't you a handsome fellow?$1\"/faceDirection MisterGinger 2/pause 500/animate MisterGinger false false 250 24 25 26 27 23/stopAnimation Jodi/pause 500/move Jodi -2 0 3/speak Jodi \"Mr. Ginger? So that's his name?$1\"/pause 500/animate MisterGinger false True 200 29 30 31 30/pause 250/speak Marnie \"Well, it's what Jas named him.$1#$b#She says it's not his *real* name though.$3\"/pause 500/speak Robin \"And here I've been calling him Tiger!$4\"/pause 500/speak Jodi \"Sam calls him Goose. I'm not sure why.\"/pause 500/move farmer 0 4 1/move Pierre 5 0 2/emote Caroline 40/pause 500/move farmer 2 0 1/pause 500/faceDirection Marnie 3/pause 250/speak Marnie \"Ah, hello @. You've met Mr. Ginger, right?$1\"/pause 250/emote Caroline 40/pause 500/speak Caroline \"Okay ladies, we're here to exercise, not fawn over a silly cat.$3\"/pause 500/stopAnimation MisterGinger/faceDirection MisterGinger 0/faceDirection Marnie 0/pause 500/playSound cat/speak MisterGinger \"Murrrrrr....$5\"/pause 500/shake Marnie 350/pause 500/speak Marnie \"Oh no, now you've ticked him off!$2\"/pause 500/move Pierre 0 3 1/playSound stoneStomp/textAboveHead Pierre \"Hey!\"/faceDirection Marnie 3/faceDirection farmer 3/faceDirection Caroline 3/faceDirection Jodi 3/faceDirection Robin 3/faceDirection MisterGinger 3/animate MisterGinger false true 250 20 21/pause 500/speak Pierre \"What's that cat doing in here?$3#$b#You know I'm A-A-A-aaa-CHOO!!!$2\"/shake Pierre 350/emote MisterGinger 28/pause 1000/end"
						}
					},
	{	"Action": "EditData",
		"Target": "Data/Events/Farm",
		"Entries":{
		"50706120/f MisterGinger 1502/f Wizard 500/e 50706118/e 50706117/e 50706119/e 112/x Wizard_CatTalk": "null",
		"50706128/f MisterGinger 2502/e 50706127/x Wizard_CatPicnic": "null"
						}
					},
	{   "Action": "EditData",
		"Target": "Data/mail",
		"Entries":{ 
			"Wizard_CatTalk": "Greetings young adept,^ Our mutual acquaintance has requested your presence in my tower, after the hours of darkness. Please bring a fragment of the Void. ^    -M. Rasmodius, Wizard.[#]An invitation",
			"Wizard_CatPicnic": "Greetings young adept,^ Our mutual friend requests your presence before the gaze of Old Man Cannoli, after the fall of darkness.^  M. Rasmodius, Wizard.[#]An Invitation"
							},
							"When": {
								"HasMod:Ran.HarvestGoddess":false
													}
		},
		{   "Action": "EditData",
			"Target": "Data/mail",
			"Entries":{ 
				"Wizard_CatTalk": "Hello dear!^ Our mutual acquaintance has requested your presence in our tower, after the hours of darkness. Please bring a splinter of the sun. ^    -H. Goddess.[#]An Invitation",
				"Wizard_CatPicnic": "Hello, dear!^ Our mutual friend requests your presence before the gaze of Old Man Cannoli, after the fall of darkness.^  .[#]An Invitation"
								},
					"When": {
					"HasMod:Ran.HarvestGoddess":true
										}
			},

{	"LogName": "5-heart Event",
	"Action": "EditData",
	"Target": "Data/Events/Beach",
				
	"Entries": {
		"50706119/f MisterGinger 1250/w sunny/t 1000 1600": "archaeo/-100 13/MisterGinger 40 16 0 farmer 42 9 2 Willy 26 21 0/skippable/changeSprite MisterGinger Fish/viewport 39 12/pause 250/move MisterGinger 0 -7 1/faceDirection farmer 3/pause 250/speak MisterGinger \"*muffled* Mrrrrp! $6\"/pause 250/emote farmer 8/speed Willy 4/advancedMove Willy false 0 -12 14 0/playSound stairsdown/jump MisterGinger 3/speed MisterGinger 4/move MisterGinger 0 -2 1/faceDirection farmer 0/speed MisterGinger 4/faceDirection farmer 1/move MisterGinger 4 0 3/pause 500/faceDirection farmer 0/speed Willy 4/pause 500/faceDirection farmer 3/jump farmer 3/pause 250/faceDirection Willy 1/speak Willy \"*Puffs* Ahoy there @. Have you seen Bosun? Large orange cat?#$b#Pesky beggar's stolen my lunch.\"/question fork1 \"#(point north) He went that way.#He's hiding behind this bush.\"/fork BehindBush/pause 250/faceDirection Willy 1/pause 250/FaceDirection Willy 2/pause 250/faceDirection Willy 3/pause 250/faceDirection farmer 0/speak Willy \"Thanks lad, I was really looking forward to it.^Thanks lass, I was really looking forward to it.\"/pause 250/speed Willy 3/move Willy 0 -4 0/emote farmer 28/faceDirection farmer 0/speed Willy 3/move Willy -2 0 3/speed Willy 3/move Willy 0 -5 0/warp Willy -100 -100/move farmer 0 -1 1/pause 1000/playSound cat/move MisterGinger -1 0 3/pause 250/emote MisterGinger 16/pause 500/showFrame MisterGinger 16/pause 250/showFrame MisterGinger 17/pause 250/showFrame MisterGinger 18/addObject 43 8 698/showFrame MisterGinger 19/changeSprite MisterGinger NoFish/showFrame MisterGinger 8/pause 250/faceDirection MisterGinger 2/pause 500/speak MisterGinger \"Mreep mirrp!$4\"/emote farmer 32/friendship MisterGinger 100/pause 1000/end",
		"BehindBush": "speak Willy \"Aye, I can see your tail, Bosun!\"/move Willy 0 -2 1/move Willy 3 0 1/shake Willy 350/showFrame Willy 26/speak Willy \"Give it back, ye thievin' rascal!\"/pause 500/playSound cat/playSound cat/textAboveHead Willy \"Got it!\"/changeSprite MisterGinger NoFish/pause 500/move Willy -2 0 2/pause 250/speak Willy \"Thanks lad.^Thanks lass.#$b#Seems mostly okay. Good day to you!\"/pause 500/move Willy -4 0 2/playSound leafrustle/pause 250/move MisterGinger -2 0 2/advancedMove Willy false 0 7 -5 0/faceDirection farmer 0/speak MisterGinger \"Mroooow.$2\"/friendship MisterGinger -100/emote farmer 60/pause 1000/end"
	}
},


	{	"LogName": "6-heart Event",
		"Action": "EditData",
		"Target": "Data/Events/WizardHouse",
		"Entries": {  	
			"50706121/f MisterGinger 1500/t 1800 2400/n Wizard_CatTalk/i 769": "WizardSong/-1000 -1000/farmer -100 -100 0 Wizard 3 17 2 MisterGinger 2 17 1/removeItem 769/skippable/viewport 8 19/pause 1000/faceDirection Wizard 3/speak Wizard \"I'm sorry I cannot help you with your more pressing problem, Trix. But perhaps... well, none of us can know what the future holds.\"/pause 500/playSound cat/pause 250/speak Wizard \"Oh yes, correct, except for Madame Welwick, but she's staying mute on this particular topic.\"/pause 500/playSound cat/pause 1000/playSound cat/speak Wizard \"I know, I know. But patience, they say, is a virtue, and perhaps... well perhaps tonight will set the cogs in motion... the wheel turning...\"/playSound cat/pause 250/speak Wizard \"Okay, yes, I'm waffling again. I've been alone too long, my friend.\"/pause 500/playSound stoneStep/faceDirection MisterGinger 2/faceDirection Wizard 2/pause 250/speak Wizard \"And right on time. Our guest has arrived.\"/pause 500/playSound doorOpen/warp farmer 8 24/move farmer 0 -4 0/pause 250/speak Wizard \"Hello @, I'm pleased you could join us.\"/move farmer -2 0 3/move farmer 0 -3 3/pause 500/playSound cat/pause 250/faceDirection Wizard 3/speak Wizard \"Yes, yes I know. Please, patience!\"/pause 500/faceDirection Wizard 1/speak Wizard \"Have you brought the item requested, @?\"/pause 500/move farmer -2 0 3/pause 250/playSound coin/speak Wizard \"Excellent, this should fulfil my requirements precisely. Let us begin!#$b#What are we brewing? Oh, that's a surprise.$h\"/move Wizard 0 2 2/faceDirection farmer 2/faceDirection MisterGinger 1/pause 500/speak Wizard \"Right, here we go: an ounce of powdered stardust. A dram of pigeon's blood. The petals of a fairy rose.#$b#And, thanks to you, @, the final ingredient, the coup de grace: a fragment of darkness, a splinter from the heart of the void...\"/pause 250/playSound cat/speak Wizard \"You get the idea!$h\"/pause 500/playSound dropItemInWater/move farmer 0 2 2/pause 250/showFrame Wizard 18/showFrame 96/pause 1000/speak Wizard \"Here. Drink up. I know last time was less than pleasant, but the benefit outweighs the cost, does it not?$h\"/pause 800/emote farmer 28/faceDirection MisterGinger 1/playSound cat/pause 500/showFrame Wizard 19/pause 800/showFrame farmer 90/faceDirection Wizard 2/pause 1000/farmerEat 184/pause 4000/playSound gulp/move farmer 0 -1 2/animate farmer false true 350 104 105/pause 4000/globalFade .008/viewport -1000 -1000/stopAnimation farmer/faceDirection farmer 2/warp MisterGinger 5 18/warp Wizard 3 18 1/faceDirection Wizard 1/faceDirection MisterGinger 3/playMusic none/pause 500/viewport 8 19 true/pause 500/speak MisterGinger \"@? @!$2\"/pause 500/speak MisterGinger \"Hello? @? Did it work?$2\"/pause 500/emote Wizard 8/pause 500/speak MisterGinger \"@? Are you okay?\"/pause 250/quickQuestion #I can't feel my feet.#Oh look, a talking cat!#It needed a slice of lemon.#That's the last time I'm drinking anything you offer!(break)emote Wizard 40\\speak Wizard \"I must say, that's rather an unexpected side effect, but I'm sure it'll wear off in no time.#$b#No time at all\"(break)speak MisterGinger \"It worked! It actually worked. Sorry I doubted you, Ras.$4\"(break)speak MisterGinger \"Hey Ras, sounds like someone appreciates your culinary talents!\"(break)speak Wizard \"You say that now, @, but you cannot deny that my brews are quite beneficial.\"/pause 500/faceDirection farmer 1/pause 500/emote farmer 16/speak MisterGinger \"Hey, @. It's great to have someone else to talk to.#$b#I mean, Ras is fine - but he's a bit tail-in-the-air, don't you think?...$1\"/pause 250/emote Wizard 12/pause 500/speak Wizard \"I can hear you, you know. Kitty.\"/pause 250/speak MisterGinger \"Kitty... He knows I hate that name. So demeaning. Like I'm some sort of common house pet.$5#$b#Please don't ever call me kitty, @.$1\"/emote farmer 32/pause 1000/end dialogue MisterGinger \"Anyone can talk to animals, but it takes a special kind of person to _listen_ to them.#$b#Yes, that's a compliment. Don't get used to them. I've got a reputation to withhold, you know.\""
		},
		"When": {
			"HasMod:Ran.HarvestGoddess":false,
			"HasMod:FlashShifter.StardewValleyExpandedALL":false
				}
	},
	{	"LogName": "6-heart Event",
		"Action": "EditData",
		"Target": "Data/Events/WizardHouse",
		"Entries": {  	
			"50706121/f MisterGinger 1500/t 1800 2400/n Wizard_CatTalk/i 769": "WizardSong/-1000 -1000/farmer -100 -100 0 Wizard 3 17 2 MisterGinger 2 17 1/removeItem 769/skippable/viewport 8 19/pause 1000/faceDirection Wizard 3/speak Wizard \"I'm sorry I cannot help you with your more pressing problem, Trix. But perhaps... well, none of us can know what the future holds.\"/pause 500/playSound cat/pause 250/speak Wizard \"Oh yes, correct, except for Madame Welwick, but she's staying mute on this particular topic.\"/pause 500/playSound cat/pause 1000/playSound cat/speak Wizard \"I know, I know. But patience, they say, is a virtue, and perhaps... well perhaps tonight will set the cogs in motion... the wheel turning...\"/playSound cat/pause 250/speak Wizard \"Okay, yes, I'm waffling again. I've been alone too long, my friend.\"/pause 500/playSound stoneStep/faceDirection MisterGinger 2/faceDirection Wizard 2/pause 250/speak Wizard \"And right on time. Our guest has arrived.\"/pause 500/playSound doorOpen/warp farmer 9 24/move farmer 0 -4 0/pause 250/speak Wizard \"Hello @, I'm pleased you could join us.\"/move farmer -2 0 3/move farmer 0 -3 3/pause 500/playSound cat/pause 250/faceDirection Wizard 3/speak Wizard \"Yes, yes I know. Please, patience!\"/pause 500/faceDirection Wizard 1/speak Wizard \"Have you brought the item requested, @?\"/pause 500/move farmer -3 0 3/pause 250/playSound coin/speak Wizard \"Excellent, this should fulfil my requirements precisely. Let us begin!#$b#What are we brewing? Oh, that's a surprise.$h\"/move Wizard 0 2 2/faceDirection farmer 2/faceDirection MisterGinger 1/pause 500/speak Wizard \"Right, here we go: an ounce of powdered stardust. A dram of pigeon's blood. The petals of a fairy rose.#$b#And, thanks to you, @, the final ingredient, the coup de grace: a fragment of darkness, a splinter from the heart of the void...\"/pause 250/playSound cat/speak Wizard \"You get the idea!$h\"/pause 500/playSound dropItemInWater/move farmer 0 2 2/pause 250/showFrame Wizard 18/showFrame 96/pause 1000/speak Wizard \"Here. Drink up. I know last time was less than pleasant, but the benefit outweighs the cost, does it not?$h\"/pause 800/emote farmer 28/faceDirection MisterGinger 1/playSound cat/pause 500/showFrame Wizard 19/pause 800/showFrame farmer 90/faceDirection Wizard 2/pause 1000/farmerEat 184/pause 4000/playSound gulp/move farmer 0 -1 2/animate farmer false true 350 104 105/pause 4000/globalFade .008/viewport -1000 -1000/stopAnimation farmer/faceDirection farmer 2/warp MisterGinger 5 18/warp Wizard 3 18 1/faceDirection Wizard 1/faceDirection MisterGinger 3/playMusic none/pause 500/viewport 8 19 true/pause 500/speak MisterGinger \"@? @!$2\"/pause 500/speak MisterGinger \"Hello? @? Did it work?$2\"/pause 500/emote Wizard 8/pause 500/speak MisterGinger \"@? Are you okay?\"/pause 250/quickQuestion #I can't feel my feet.#Oh look, a talking cat!#It needed a slice of lemon.#That's the last time I'm drinking anything you offer!(break)emote Wizard 40\\speak Wizard \"I must say, that's rather an unexpected side effect, but I'm sure it'll wear off in no time.#$b#No time at all\"(break)speak MisterGinger \"It worked! It actually worked. Sorry I doubted you, Ras.$4\"(break)speak MisterGinger \"Hey Ras, sounds like someone appreciates your culinary talents!\"(break)speak Wizard \"You say that now, @, but you cannot deny that my brews are quite beneficial.\"/pause 500/faceDirection farmer 1/pause 500/emote farmer 16/speak MisterGinger \"Hey, @. It's great to have someone else to talk to.#$b#I mean, Ras is fine - but he's a bit tail-in-the-air, don't you think?...$1\"/pause 250/emote Wizard 12/pause 500/speak Wizard \"I can hear you, you know. Kitty.\"/pause 250/speak MisterGinger \"Kitty... He knows I hate that name. So demeaning. Like I'm some sort of common house pet.$5#$b#Please don't ever call me kitty, @.$1\"/emote farmer 32/pause 1000/end dialogue MisterGinger \"Anyone can talk to animals, but it takes a special kind of person to _listen_ to them.#$b#Yes, that's a compliment. Don't get used to them. I've got a reputation to withhold, you know.\""
		},
		"When": {
			"HasMod:FlashShifter.StardewValleyExpandedALL":true
				}
	},

	{	"LogName": "6-heart Event",
		"Action": "EditData",
		"Target": "Data/Events/WizardHouse",
		"Entries": {  	
			"50706121/f MisterGinger 1500/t 1800 2400/n Wizard_CatTalk/i 768": "WizardSong/-1000 -1000/farmer -100 -100 0 Wizard 3 17 2 MisterGinger 2 17 1/removeItem 768/skippable/viewport 8 19/pause 1000/faceDirection Wizard 3/speak Wizard \"I'm sorry I cannot help you with your more pressing problem, Trix. But perhaps... well, who can know what the future holds?\"/pause 500/playSound cat/pause 250/speak Wizard \"Oh yes, correct, Madame Welwick, but she's staying mute on this particular subject.\"/pause 500/playSound cat/pause 1000/playSound cat/speak Wizard \"I know, I know. But patience, is a virtue, and perhaps... well, perhaps tonight will set things in motion.\"/playSound cat/pause 250/speak Wizard \"Yes, I know, I'm as anxious to see it fulfilled as you, my friend.\"/pause 500/playSound stoneStep/faceDirection MisterGinger 2/faceDirection Wizard 2/pause 250/speak Wizard \"And right on time. Our guest has arrived.\"/pause 500/playSound doorOpen/warp farmer 8 24/move farmer 0 -4 0/pause 250/speak Wizard \"Hello @, I'm pleased you could join us.\"/move farmer -2 0 3/move farmer 0 -3 3/pause 500/playSound cat/pause 250/faceDirection Wizard 3/speak Wizard \"Yes, yes I know. Please, patience!\"/pause 500/faceDirection Wizard 1/speak Wizard \"Have you brought the item requested, @?\"/pause 500/move farmer -2 0 3/pause 250/playSound coin/speak Wizard \"Excellent, this is precisely what we required. Let's begin!#$b#What are we brewing? Oh, that's a surprise, but one that I feel shall delight you, my dear.$h\"/move Wizard 0 2 2/faceDirection farmer 2/faceDirection MisterGinger 1/pause 500/speak Wizard \"Right, here we go: an ounce of powdered stardust. A feather gifted by a visitor from afar. The petals of a fairy rose.#$b#And, thanks to you, @, the final ingredient, the coup de grace: a sliver of the sun...\"/pause 250/playSound cat/speak Wizard \"Yes, I know, Trix. Please, be patient.$h\"/pause 500/playSound dropItemInWater/move farmer 0 2 2/pause 250/showFrame Wizard 18/showFrame 96/pause 1000/speak Wizard \"Here, breathe deep. Inhale the magic. Feel it soak into you senses.$h\"/pause 800/emote farmer 28/faceDirection MisterGinger 1/playSound cat/move farmer 0 -1 2/pause 500/pause 4000/globalFade .008/viewport -1000 -1000/speak Wizard \"@? Please, don't be afraid. We have you. We are here for you.\"/faceDirection farmer 2/warp MisterGinger 5 18/warp Wizard 3 18 1/faceDirection Wizard 1/faceDirection MisterGinger 3/playMusic none/pause 500/viewport 8 19 true/pause 500/speak MisterGinger \"@? @!$2\"/pause 500/speak MisterGinger \"Hello? @? Did it work?$2\"/pause 500/emote Wizard 8/pause 500/speak MisterGinger \"@? Are you okay?\"/pause 250/quickQuestion #I can't feel my feet.#Oh look, a talking cat!#What happened? Did I faint?(break)emote Wizard 40\\speak Wizard \"Oh no, my dear! That's an unexpected side effect. It should wear off shortly.#$b#I'm sorry!$2\"(break)speak MisterGinger \"It worked! It actually worked. Sorry I doubted you, Goddess.$4\"(break)speak Wizard \"My apologies, @. The potency does, occasionally, make one light-headed.\"/pause 500/faceDirection farmer 1/pause 500/emote farmer 16/speak MisterGinger \"Hey, @. It's great to have someone else to talk to.#$b#I mean, the Goddess is wonderful - but she's well... she's a goddess!$1\"/pause 250/emote Wizard 60/pause 500/speak Wizard \"That I may be, Trix, but I'm also your friend.\"/pause 250/faceDirection farmer 3/speak MisterGinger \"I know, and I am honored, Goddess. But sometimes, well... you know.$1\"/pause 500/speak Wizard \"That I do, my feline friend. Please treat him well, @. For there is more to this cat than meets the eye.\"/pause 500/emote farmer 32/pause 1000/end dialogue MisterGinger \"Anyone can talk to animals, but it takes a special kind of person to _listen_ to them.#$b#Yes, that's a compliment. Don't get used to them. I've got a reputation to withhold, you know.\""
							},
				"When": {
					"HasMod:Ran.HarvestGoddess":true,
					"HasMod:FlashShifter.StardewValleyExpandedALL":false
						}
		
},
{	"LogName": "6-heart Event",
	"Action": "EditData",
	"Target": "Data/Events/WizardHouse",
	"Entries": {  	
		"50706121/f MisterGinger 1500/t 1800 2400/n Wizard_CatTalk/i 768": "WizardSong/-1000 -1000/farmer -100 -100 0 Wizard 3 17 2 MisterGinger 2 17 1/removeItem 768/skippable/viewport 8 19/pause 1000/faceDirection Wizard 3/speak Wizard \"I'm sorry I cannot help you with your more pressing problem, Trix. But perhaps... well, who can know what the future holds?\"/pause 500/playSound cat/pause 250/speak Wizard \"Oh yes, correct, Madame Welwick, but she's staying mute on this particular subject.\"/pause 500/playSound cat/pause 1000/playSound cat/speak Wizard \"I know, I know. But patience, is a virtue, and perhaps... well, perhaps tonight will set things in motion.\"/playSound cat/pause 250/speak Wizard \"Yes, I know, I'm as anxious to see it fulfilled as you, my friend.\"/pause 500/playSound stoneStep/faceDirection MisterGinger 2/faceDirection Wizard 2/pause 250/speak Wizard \"And right on time. Our guest has arrived.\"/pause 500/playSound doorOpen/warp farmer 9 24/move farmer 0 -4 0/pause 250/speak Wizard \"Hello @, I'm pleased you could join us.\"/move farmer -2 0 3/move farmer 0 -3 3/pause 500/playSound cat/pause 250/faceDirection Wizard 3/speak Wizard \"Yes, yes I know. Please, patience!\"/pause 500/faceDirection Wizard 1/speak Wizard \"Have you brought the item requested, @?\"/pause 500/move farmer -3 0 3/pause 250/playSound coin/speak Wizard \"Excellent, this is precisely what we required. Let's begin!#$b#What are we brewing? Oh, that's a surprise, but one that I feel shall delight you, my dear.$h\"/move Wizard 0 2 2/faceDirection farmer 2/faceDirection MisterGinger 1/pause 500/speak Wizard \"Right, here we go: an ounce of powdered stardust. A feather gifted by a visitor from afar. The petals of a fairy rose.#$b#And, thanks to you, @, the final ingredient, the coup de grace: a sliver of the sun...\"/pause 250/playSound cat/speak Wizard \"Yes, I know, Trix. Please, be patient.$h\"/pause 500/playSound dropItemInWater/move farmer 0 2 2/pause 250/showFrame Wizard 18/showFrame 96/pause 1000/speak Wizard \"Here, breathe deep. Inhale the magic. Feel it soak into you senses.$h\"/pause 800/emote farmer 28/faceDirection MisterGinger 1/playSound cat/move farmer 0 -1 2/pause 500/pause 4000/globalFade .008/viewport -1000 -1000/speak Wizard \"@? Please, don't be afraid. We have you. We are here for you.\"/faceDirection farmer 2/warp MisterGinger 5 18/warp Wizard 3 18 1/faceDirection Wizard 1/faceDirection MisterGinger 3/playMusic none/pause 500/viewport 8 19 true/pause 500/speak MisterGinger \"@? @!$2\"/pause 500/speak MisterGinger \"Hello? @? Did it work?$2\"/pause 500/emote Wizard 8/pause 500/speak MisterGinger \"@? Are you okay?\"/pause 250/quickQuestion #I can't feel my feet.#Oh look, a talking cat!#What happened? Did I faint?(break)emote Wizard 40\\speak Wizard \"Oh no, my dear! That's an unexpected side effect. It should wear off shortly.#$b#I'm sorry!$2\"(break)speak MisterGinger \"It worked! It actually worked. Sorry I doubted you, Goddess.$4\"(break)speak Wizard \"My apologies, @. The potency does, occasionally, make one light-headed.\"/pause 500/faceDirection farmer 1/pause 500/emote farmer 16/speak MisterGinger \"Hey, @. It's great to have someone else to talk to.#$b#I mean, the Goddess is wonderful - but she's well... she's a goddess!$1\"/pause 250/emote Wizard 60/pause 500/speak Wizard \"That I may be, Trix, but I'm also your friend.\"/pause 250/faceDirection farmer 3/speak MisterGinger \"I know, and I am honored, Goddess. But sometimes, well... you know.$1\"/pause 500/speak Wizard \"That I do, my feline friend. Please treat him well, @. For there is more to this cat than meets the eye.\"/pause 500/emote farmer 32/pause 1000/end dialogue MisterGinger \"Anyone can talk to animals, but it takes a special kind of person to _listen_ to them.#$b#Yes, that's a compliment. Don't get used to them. I've got a reputation to withhold, you know.\""
						},
			"When": {
				"HasMod:Ran.HarvestGoddess":true,
				"HasMod:FlashShifter.StardewValleyExpandedALL":true
					}
	
},


	{
		"Action": "EditImage",
		"Target": "Characters/Shane",
		"FromFile": "assets/Images/Shane-Book.png",
		"FromArea": { "X": 0, "Y": 0, "Width": 48, "Height": 32},
		"ToArea":   { "X": 0, "Y": 416, "Width": 48, "Height": 32}
	},
	{	"LogName": "8-heart Event - Shane still a drunk",
		"Action": "EditData",
		"Target": "Data/Events/Forest",
			
	"Entries": {    
		"50706126/f MisterGinger 2000/e 50706121/k 2118991/t 1800 2200": "nightTime/-1000 -1000/Jas -100 -100 0 Shane -100 -100 0 MisterGinger 86 17 3 farmer 93 23 3/skippable/viewport 93 21/pause 500/move MisterGinger -1 0 0/playSound cat/pause 500/move MisterGinger 1 0 0/pause 500/playSound cat/pause 500/move MisterGinger -1 0 0/animate MisterGinger false false 250 16 17 18 19 18 19 18 19/playSound cat/pause 1500/pause 250/move farmer -3 0 0/playSound woodyStep/pause 250/faceDirection MisterGinger 2/jump MisterGinger 3/pause 500/move MisterGinger 0 1 1/pause 500/speak MisterGinger \"@! I'm so glad you're here!#$b#I need your help!$2\"/pause 500/emote farmer 8/speed MisterGinger 4/move MisterGinger 4 0 2/speed farmer 4/move farmer 0 -5 0/pause 500/faceDirection MisterGinger 1/faceDirection farmer 3/speak MisterGinger \"It's Jas! She's inside and she's scared and alone, and I can't get to her!$2\"/pause 500/emote farmer 16/pause 500/speak MisterGinger \"She has terrible nightfears! Marnie's out, and Shane's sleeping like the great useless meathead he is!$2\"/pause 250/move MisterGinger -1 0 3/pause 250/move MisterGinger 1 0 1/speak MisterGinger \"There's a key under that fake rock by the door.\"/pause 250/move MisterGinger -1 0 3/pause 250/move MisterGinger 1 0 1/pause 500/question fork1 \"Please, will you help me?#Of course I will!#Why? I'm not a babysitter.\"/fork NoHelpMrG/pause 500/move farmer 0 -2 1/emote MisterGinger 20/playSound stoneCrack/pause 500/faceDirection farmer 0/pause 500/move MisterGinger 0 -2 0/playSound openChest/globalfade/viewport -1000 -1000/stopMusic/changeLocation AnimalShop/warp Jas 3 6/warp Shane 4 6/warp farmer 10 18/warp MisterGinger 9 18/faceDirection Shane 2/showFrame Shane 52/faceDirection Jas 1/faceDirection MisterGinger 3/faceDirection farmer 3/viewport 11 11/pause 500/move MisterGinger -3 0 0/move MisterGinger 0 -5 0/doAction 6 12/pause 500/speak Shane \"...And the princess lowered her lips to press a careful kiss on the frog's slimy head...\"/shake MisterGinger 350/pause 500/emote MisterGinger 40/showFrame Shane 53/pause 500/speak Jas \"Ewww!$3\"/move farmer -3 0 0/move farmer 0 -3 3/pause 500/showFrame Shane 38/speak Shane \"...There came a spark of light, bright enough to dazzle the princess.#$b#When her vision cleared, there, before her, crouched a man.\"/emote Jas 20/showFrame Shane 54/pause 500/speak Jas \"Not a man, a prince! A handsome prince.\"/pause 500/showFrame Shane 12/pause 500/emote Shane 40/pause 500/speak Shane \"No, not a prince. A simple farm boy, who loved her with all his heart.#$b#And if he had slightly bulgy eyes, and clammy skin, what of it?$1\"/pause 500/speak Jas \"Ick!$3#$b#Uncle Shane, you're so funny.$1\"/pause 500/speak Shane \"Thank you. But seriously, kiddo, you don't need a prince to be happy.$3\"/pause 500/speak Jas \"I know! You just need to know there's someone who cares.$4#$b#Right?$1\"/pause 500/speak Shane \"Yeah, that's right, sweetheart.$l#$b#Now, you ready to go back to sleep yet? Nightmare forgotten?#$b#...(Uncle Shane needs to rest his aching head)...\"/pause 500/emote Jas 32/pause 500/speak Jas \"It's not forgotten. But better. Yes, better.$3#$b#I think I can sleep now.\"/pause 500/speak Shane \"Good kiddo, let's get you tucked back into bed.\"/move Jas 0 1 2/speak Jas \"Goodnight Uncle Shane. Thank you. That made me feel much better.$1\"/pause 500/move Jas -2 0 2/showFrame Jas 25/move Shane -1 0 2/move Shane 0 1 3/pause 500/emote Shane 20/pause 500/viewport 11 13/move MisterGinger 0 1 1/showFrame MisterGinger 38/pause 500/showFrame MisterGinger 4/speak MisterGinger \"She didn't need me after all. She has him now.$2\"/quickQuestion #She'll always need you. He's just her uncle - but you're her CAT!#Kids get bored of their pets, it's true.#You're just a cat, Shane's her Uncle.#You'll always have me, Mr. Ginger.(break)speak MisterGinger \"Thank you. That makes me feel much better.$1\"(break)speak MisterGinger \"I'm just a pet...? No! I'm her friend...$2#$b#And I won't let you tell me otherwise!$5\"(break)speak MisterGinger \"Family are more important than pets. I get it.$2#$b#I don't like it, but I get it.$2\"(break)speak MisterGinger \"Really? Thank you, @. That means a lot.$4\"/pause 1000/speak Jas \"*sleepily* Mr. Ginger? Mr. Ginger? Is that you?\"/pause 500/jump MisterGinger 3/emote MisterGinger 16/pause 500/speak MisterGinger \"Bye @! Gotta go!$3\"/speed MisterGinger 4/move MisterGinger 0 -7 3/move Shane 1 0 0/move Shane 0 -1 3/move Shane 2 0 2/faceDirection Jas 1/speed MisterGinger 4/move MisterGinger -3 0 3/emote MisterGinger 20/move Shane 0 2 3/speak Shane \"She really loves that cat.\"/move Shane 0 7 2/faceDirection Shane 1/pause 250/showFrame Shane 18/jump Shane 4/pause 250/emote Shane 40/pause 500/emote farmer 60/pause 1000/end warpOut",       
		"NoHelpMrG": "pause 500/speak MisterGinger \"You won't help me comfort a scared child?$5#$b#You're a terrible person, @. I can't believe I considered you my friend.$2\"/friendship MisterGinger -500/pause 250/animate MisterGinger false false 250 12 20 21 20 21/pause 2000/speak MisterGinger \"Don't worry Jas! I'm here!\"/move MisterGinger -1 0 0/playSound cat/pause 500/end warpOut"
				}
		},
{	"LogName": "8-heart Event - Shane sober",
	"Action": "EditData",
	"Target": "Data/Events/Forest",
		
"Entries": {    
	"50706127/f MisterGinger 2000/e 2118991/e 50706121/k 50706126/t 1800 2200": "nightTime/-1000 -1000/Jas -100 -100 0 Shane -100 -100 0 MisterGinger 86 17 3 farmer 93 23 3/skippable/viewport 93 21/pause 500/move MisterGinger -1 0 0/playSound cat/pause 500/move MisterGinger 1 0 0/pause 500/playSound cat/pause 500/move MisterGinger -1 0 0/animate MisterGinger false false 250 16 17 18 19 18 19 18 19/playSound cat/pause 1500/pause 250/move farmer -3 0 0/playSound woodyStep/pause 250/faceDirection MisterGinger 2/jump MisterGinger 3/pause 500/move MisterGinger 0 1 1/pause 500/speak MisterGinger \"@! I'm so glad you're here!#$b#I need your help!$2\"/pause 500/emote farmer 8/speed MisterGinger 4/move MisterGinger 4 0 2/speed farmer 4/move farmer 0 -5 0/pause 500/faceDirection MisterGinger 1/faceDirection farmer 3/speak MisterGinger \"It's Jas! She's inside and she's scared and alone, and I can't get to her!$2\"/pause 500/emote farmer 16/pause 500/speak MisterGinger \"She has terrible nightfears! Marnie's out, and Shane's sleeping like the great useless meathead he is!$2\"/pause 250/move MisterGinger -1 0 3/pause 250/move MisterGinger 1 0 1/speak MisterGinger \"There's a key under that fake rock by the door.\"/pause 250/move MisterGinger -1 0 3/pause 250/move MisterGinger 1 0 1/pause 500/question fork1 \"Please, will you help me?#Of course I will!#Why? I'm not a babysitter.\"/fork NoHelpMrG1/pause 500/move farmer 0 -2 1/emote MisterGinger 20/playSound stoneCrack/pause 500/faceDirection farmer 0/pause 500/move MisterGinger 0 -2 0/playSound openChest/globalfade/viewport -1000 -1000/stopMusic/changeLocation AnimalShop/warp Jas 3 6/warp Shane 4 6/warp farmer 10 18/warp MisterGinger 9 18/faceDirection Shane 2/showFrame Shane 37/faceDirection Jas 1/faceDirection MisterGinger 3/faceDirection farmer 3/viewport 11 11/pause 500/move MisterGinger -3 0 0/move MisterGinger 0 -5 0/doAction 6 12/pause 500/speak Shane \"...And the princess lowered her lips to press a careful kiss on the frog's slimy head...\"/shake MisterGinger 350/pause 500/emote MisterGinger 40/showFrame Shane 38/pause 500/speak Jas \"Ewww!$3\"/move farmer -3 0 0/move farmer 0 -3 3/pause 500/showFrame Shane 38/speak Shane \"...There came a spark of light, bright enough to dazzle the princess.#$b#When her vision cleared, there, before her, crouched a man.\"/emote Jas 20/showFrame Shane 39/pause 500/speak Jas \"Not a man, a prince! A handsome prince.\"/pause 500/showFrame Shane 12/pause 500/emote Shane 40/pause 500/speak Shane \"No, not a prince. A simple farm boy, who loved her with all his heart.#$b#And if he had slightly bulgy eyes, and clammy skin, what of it?$1\"/pause 500/speak Jas \"Ick!$3#$b#Uncle Shane, you're so funny.$1\"/pause 500/speak Shane \"Thank you. But seriously, kiddo, you don't need a prince to be happy.$3\"/pause 500/speak Jas \"I know! You just need to know there's someone who cares.$4#$b#Right?$1\"/pause 500/speak Shane \"Yeah, that's right, sweetheart.$l#$b#Now, you ready to go back to sleep yet? Nightmare forgotten?#$b#Remember, I've promised to be here for you. From now on and always.\"/pause 500/emote Jas 32/pause 500/speak Jas \"It's not forgotten. But better. Yes, better.$3#$b#I think I can sleep now.\"/pause 500/speak Shane \"Good kiddo, let's get you tucked back into bed.\"/move Jas 0 1 2/speak Jas \"Goodnight Uncle Shane. Thank you. That made me feel much better.$1\"/pause 500/move Jas -2 0 2/showFrame Jas 25/move Shane -1 0 2/move Shane 0 1 3/pause 500/emote Shane 20/pause 500/viewport 11 13/move MisterGinger 0 1 1/showFrame MisterGinger 38/pause 500/showFrame MisterGinger 4/speak MisterGinger \"She didn't need me after all. She has him now.$2\"/quickQuestion #She'll always need you. He's just her uncle - but you're her CAT!#Kids get bored of their pets, it's true.#You're just a cat, Shane's her Uncle.#You'll always have me, Mr. Ginger.(break)speak MisterGinger \"Thank you. That makes me feel much better.$1\"(break)speak MisterGinger \"I'm just a pet...? No! I'm her friend...$2#$b#And I won't let you tell me otherwise!$5\"(break)speak MisterGinger \"Family are more important than pets. I get it.$2#$b#I don't like it, but I get it.$2\"(break)speak MisterGinger \"Really? Thank you, @. That means a lot.$4\"/pause 1000/speak Jas \"*sleepily* Mr. Ginger? Mr. Ginger? Is that you?\"/pause 500/jump MisterGinger 3/emote MisterGinger 16/pause 500/speak MisterGinger \"Bye @! Gotta go!$3\"/speed MisterGinger 4/move MisterGinger 0 -7 3/move Shane 1 0 0/move Shane 0 -1 3/move Shane 2 0 2/faceDirection Jas 1/speed MisterGinger 4/move MisterGinger -3 0 3/emote MisterGinger 20/move Shane 0 2 3/speak Shane \"She really loves that cat.\"/move Shane 0 7 2/faceDirection Shane 1/pause 250/showFrame Shane 18/jump Shane 4/pause 250/emote Shane 40/pause 500/emote farmer 60/pause 1000/end warpOut",       
		"NoHelpMrG1": "pause 500/speak MisterGinger \"You won't help me comfort a scared child?$5#$b#You're a terrible person, @. I can't believe I considered you my friend.$2\"/friendship MisterGinger -500/pause 250/animate MisterGinger false false 250 12 20 21 20 21/pause 2000/speak MisterGinger \"Don't worry Jas! I'm here!\"/move MisterGinger -1 0 0/playSound cat/pause 500/end warpOut"
		}	

},

	{ 	"Action": "Load",
		"Target": "characters/PicnicRug",
		"FromFile": "assets/Maps/PicnicRug.png"
	},


	{	"LogName": "10-heart Event",
        "Action": "EditData",
        "Target": "Data/Events/Woods",
            
    "Entries": {
		"50706129/f MisterGinger 2500/t 1800 2200/w sunny": "woodsTheme/-100 -100/farmer 16 13 3 MisterGinger 8 8 0/skippable/addTemporaryActor PicnicRug 48 48 8 10 2 false/addLantern 735 10 7 4/viewport 14 13/pause 500/speak MisterGinger \"Hey old stone guy? Is this weird? This is weird, isn't it.$2#$b#But he gave me the bouquet. That's gotta mean something right?$3^But she gave me the bouquet. That's gotta mean something, right?$3#$b#What if it works? What if it doesn't?$2#$b#Oh, what do you know? You're just a big blockhead.\"/pause 250/move farmer -2 0 3/playSound woodyStep/pause 250/faceDirection MisterGinger 1/jump MisterGinger 3/pause 250/textAboveHead MisterGinger \"You're here!\"/speed MisterGinger 4/move MisterGinger 3 0 1/speed MisterGinger 4/move MisterGinger 0 5 1/move farmer -2 0 3/pause 250/emote farmer 32/speak MisterGinger \"I wasn't sure you'd come. I mean...\"/pause 250/faceDirection MisterGinger 3/pause 250/faceDirection MisterGinger 1/pause 500/speak MisterGinger \"...well, I'm a cat.#$b#Obviously, we're a superior species, but, oh... nevermind.$3#$b#Anyway, come on. I made you supper.$4\"/pause 500/move MisterGinger -3 0 0/move farmer -3 0 0/move MisterGinger 0 -1 0/move farmer 0 -1 0/pause 500/speak MisterGinger \"What do you think?\"/pause 500/quickQuestion #That's actually really impressive!#It looks delicious.#You call this a picnic?#I'm lactose intolerent.#Is this a supper for me or for you?(break)speak MisterGinger \"Not bad for someone with no thumbs, right?$1#$b#I had Jas to help me.$4\"(break)speak MisterGinger \"I'm so pleased you like it!$3\"(break)speak MisterGinger \"Oh...$2#$b#Sorry if it doesn't meet your high 'human standards'.$5#$b#More for me then, I guess.$1\"(break)speak MisterGinger \"So am I, but it never stopped me!\"(break)speak MisterGinger \"True. I didn't know what you'd like, so I chose my favorite things!$1\"/pause 500/stopMusic/playMusic echos/speak MisterGinger \"Anyway, I invited you here because I'm sure you've realized by now that Stardew Valley is more than just a tiny valley in the middle of nowhere.#$b#It's a place where magical, wonderful things can happen.$3\"/faceDirection MisterGinger 1/faceDirection farmer 3/pause 250/speak MisterGinger \"A place, for example, where a cat might be able to speak, and possibly, even...$4\"/pause 500/showFrame MisterGinger 25/pause 250/speak MisterGinger \"What I'm trying to say, @, is that I consider you one of my dearest friends.\"/pause 250/speak MisterGinger \"$q 507000000 null#And I hope you feel the same way about me too?#$r 50700000 0 MrG_Friend#I care for you too. A lot.#$r 50700001 -20 MrG_Rid#Friends with a cat? What a ridiculous notion!\"/fork 50700002 MrG_Ridic/pause 500/showFrame MisterGinger 28/positionOffset farmer -4 0/specificTemporarySprite heart 8 11/pause 2000/end warpOut",
			"MrG_Ridic": "pause 500/animate MisterGinger false false 250 12 20 21 20 21/pause 2000/move MisterGinger -3 0 0/pause 1000/end warpOut" 
		

		}
	},
	{	"Action": "Load",
		"Target": "Characters/VoidGolem",
		"FromFile": "assets/Images/VoidGolem.png",
		"When": { 
			"HasMod:lemurkat.MarnieRanchPack":false
		}
	},
	{
		"LogName": "Alternative 14-heart event part 1",
		"Action": "EditData",
		"Target": "Data/Events/Town",
		"Entries": {
			"50706132/f MisterGinger 3500/f Linus 1000/w sunny/d tue wed thu sat sun/t 2000 2400": "nightTime/-1000 -1000/MisterGinger 50 37 1 Linus 50 36 1 farmer -100 -100 0/addTemporaryActor VoidGolem 16 24 56 33 0 false/showFrame VoidGolem 18/skippable/viewport 46 37/pause 500/speak Linus \"Not a bad haul, Marmalade.#$b#We'll eat well tonight!\"/pause 500/faceDirection Linus 2/faceDirection MisterGinger 0/speak Linus \"Although I'm sure @ feeds you well.\"/pause 500/move Linus 3 0 1/move MisterGinger 5 0 1/pause 500/faceDirection MisterGinger 3/speak MisterGinger \"@ feeds me? I'm more than capable of feeding myself, thank you very much.$1#$b#Reigning Champion Mouser of the Ranch eight years in a row!$4#$b#Although yes, I do appreciate the cheese and fish.#1\"/pause 500/speak Linus \"Thanks for keeping me company this evening.\"/faceDirection Linus 0/pause 250/faceDirection Linus 1/pause 250/shake Linus 250/speak Linus \"Something feels a little... off... tonight, don't you think?\"/pause 500/faceDirection MisterGinger 0/pause 500/speak MisterGinger \"It smells like clouds on the edge of a storm.$2\"/pause 500/speak Linus \"The void is restless.#$b#We should hurry.\"/speed Linus 4/move Linus 3 0 0/pause 500/move Linus 0 -2 0/animate VoidGolem false false 250 18 19 20/jump Linus/animate VoidGolem false false 250 21 22 23 24 0/playSound shadowHit/speed Linus 8/move Linus 4 0 1/speed Linus 8/move Linus 0 2 0/shake Linus 350/pause 500/faceDirection VoidGolem 1/emote MisterGinger 16/animate VoidGolem false true 250 28 29 28 29/pause 500/move VoidGolem 1 0 1/speed MisterGinger 5/move MisterGinger 0 -4 1/speak MisterGinger \"Hey, you! void-breath!$5#$b#Leave my friend alone!$5\"/stopAnimation VoidGolem/pause 500/faceDirection VoidGolem 3/pause 500/textAboveHead VoidGolem \"Kit-ty?\"/pause 500/move VoidGolem -1 0 3/speak MisterGinger \"Don't call me kitty!$5\"/animate MisterGinger false false 250 52 53 52 53/pause 500/specificTemporarySprite swordswipe 56 33/pause 250/playSound shadowHit/pause 500/move VoidGolem 1 0 3/animate VoidGolem false true 250 30 31/pause 500/move MisterGinger 1 0 1/animate MisterGinger false false 250 52 53 52 53/specificTemporarySprite swordswipe 57 33/playSound shadowHit/pause 500/move MisterGinger -1 0 1/move VoidGolem 1 0 3/showFrame MisterGinger 38/pause 500/faceDirection VoidGolem 1/move VoidGolem 1 0 1/pause 500/speed MisterGinger 5/move MisterGinger 3 0 1/faceDirection VoidGolem 3/animate MisterGinger false false 250 52 53 52 53/pause 500/specificTemporarySprite swordswipe 58 33/playSound shadowHit/showFrame VoidGolem 25/pause 250/playSound shadowDie/warp VoidGolem -100 -100/move MisterGinger 1 0 2/showFrame MisterGinger 38/pause 500/speak Linus \"Marmalade? Are you okay?\"/move Linus 0 -3 3/speak Linus \"You saved my life! You're a hero!\"/pause 500/playSound cat/speak Linus \"Oh, you're hurt! We'd better get you patched up.\"/pause 1000/end dialogue MisterGinger \"Oh don't fuss, @, it's just a scratch and Linus patched me up good.$2#$b#Actually, please do fuss. It hurts! Some cheese might help me heal.$2\""
		},
		"When": {
			"JustaCat": "true"
					}
		},

	{
		"Action": "Load",
		"Target": "Characters/Stranger",
		"FromFile": "assets/Images/MisterGingerSprites2.png"
					},
	{
		"Action": "Load",
		"Target": "Portraits/Stranger",
		"FromFile": "assets/Images/MisterGingerPortrait2.png"
									},

	 {
		 "Action": "Load",
		 "Target": "Characters/MonaCute",
		  "FromFile": "assets/Images/Cute-Mona.png"
				 },
	
	{
		 "Action": "Load",
		"Target": "Characters/TristanCute",
		"FromFile": "assets/Images/cute-Tristan.png"
				},    

	{
		"Action": "Load",
		"Target": "Characters/GingerCute",
		 "FromFile": "assets/Images/cute-Ginger.png"
				},

	 {
		"Action": "Load",
		 "Target": "Characters/WitchCute",
		 "FromFile": "assets/Images/cute-Witch2.png"
				},

	{
		"LogName": "Curse is broken",
		"Action": "EditData",
		"Target": "Data/Events/Farmhouse",
		"Entries": {
			"50706130/f MisterGinger 3500/O MisterGinger/e 50706129/d Tue Wed Thu Fri Sat Sun/t 2000 2500/L": "none/-100 -100/farmer -1000 -1000 0 MisterGinger -1000 -1000 0/addTemporaryActor Stranger 16 32 7 14 0 false/addTemporaryActor MonaCute 16 16 -100 -101 2 false/addTemporaryActor TristanCute 16 16 -99 -101 2 false/addTemporaryActor WitchCute 16 32 -1000 -1000 2 false/addTemporaryActor GingerCute 16 16 -1000 -1000 2 false/skippable/viewport 13 15/playSound doorOpen/warp farmer 12 20/move farmer 0 -1 0/pause 500/emote farmer 8/pause 500/faceDirection Stranger 2/pause 500/jump farmer 3/pause 500/faceDirection Stranger 2/speak Stranger \"Oh, hello @! I wanted to cook you dinner... but I'm afraid I'm out of practice.$6\"/quickQuestion #Who are you and why are you in my kitchen?#How do you know my name?#What have you done with Mister Ginger?(break)speak Stranger \"Sorry, I didn't mean to startle you. But this is my home too.#$b#I'm sad you didn't recognise me, but I guess that makes sense.\"(break)speak Stranger \"You don't recognise me? Well, I suppose I am wearing something new. Or perhaps it is something old?i\"(break)speak Stranger \"You seem very concerned about your cat. You must love him very much.$2\"/pause 500/emote farmer 28/pause 500/speak Stranger \"I'm afraid it's complicated.\"/quickQuestion #I'm calling the Adventurer's Guild!#I'm calling Mayor Lewis!#I have a sword, and I know how to use it!#Did you mention dinner?(break)speak Stranger \"Oh, please do! It's been years since I've seen Marlon like this!$1\"(break)speak Stranger \"Go ahead. Although I suspect our esteemed Mayor is too occupied with his 'business affairs'.$3\"(break)speak Stranger \"I know. And I'd really prefer you didn't use it on me - at least not until you hear me out.$2\"(break)speak Stranger \"A man after my own heart.$1^A woman after my own heart.$1#$b#However, I'm afraid it wasn't very successful.$2\"/speak Stranger \"Please, just listen. I'll try to explain.$2\"/pause 1500/fade fadeOut/warp Stranger -1000 -1000/warp farmer -1000 -1000/viewport -100 -98/speak Stranger \"Once upon a time, not very many years ago, there were a young man and a young woman.\"/pause 500/faceDirection MonaCute 1/faceDirection TristanCute 3/speak Stranger \"And they were - or at least, thought they were - in love.\"/pause 500/showFrame TristanCute 16/showFrame MonaCute 16/showFrame TristanCute 17/showFrame MonaCute 17/pause 500/specificTemporarySprite heart -99 -101/pause 500/speak Stranger \"Together they had many adventures: they swam, climbed trees...\"/faceDirection MonaCute 0/animate MonaCute false true 250 8 9 10 11/animate TristanCute false true 250 8 9 10 11/pause 1000/speak Stranger \"...And stuck their noses into places they should not. And that was how, one day...\"/stopAnimation MonaCute/faceDirection MonaCute 1/stopAnimation TristanCute/faceDirection TristanCute 3/emote TristanCute 16/pause 1000/fade fadeOut/changeLocation WitchSwamp/warp MonaCute 20 21/warp TristanCute 21 21/fade/viewport 20 23/pause 500/faceDirection MonaCute 0/playSound stoneStep/pause 250/playSound stoneStep/textAboveHead MonaCute \"Hello?\"/pause 500/faceDirection MonaCute 1/textAboveHead MonaCute \"No-one's home.\"/pause 1500/emote TristanCute 60/pause 500/textAboveHead MonaCute \"I'm going in\"/pause 500/faceDirection MonaCute 0/pause 500/playSound openChest/pause 500/emote TristanCute 28/pause 1000/fade fadeOut/changeLocation WitchHut/warp MonaCute 7 11/warp TristanCute 8 11/pause 500/fade/viewport 9 9/move MonaCute 0 -5 0/faceDirection TristanCute 1/pause 1250/faceDirection TristanCute 0/pause 1250/faceDirection TristanCute 3/pause 500/textAboveHead MonaCute \"Wow!\"/move MonaCute 4 0 1/pause 400/textAboveHead MonaCute \"This is amazing!\"/pause 1500/textAboveHead MonaCute \"I wonder what happens...\"/pause 250/playSound dwoop/pause 1500/playSound shadowHit/pause 500/jump TristanCute 3/textAboveHead TristanCute \"What have you done?\"/pause 1500/playSound cacklingWitch/pause 500/emote MonaCute 16/speed MonaCute 4/move MonaCute -4 0 2/pause 250/speed MonaCute 4/move MonaCute 0 9 2/warp MonaCute -1000 -1000/speed TristanCute 4/speed TristanCute 4/move TristanCute -1 0 2/speed TristanCute 4/move TristanCute 0 4 2/fade fadeOut/viewport -100 -100/changeLocation WitchSwamp/warp MonaCute 20 25/warp TristanCute 21 24/viewport 19 25/pause 500/playSound swordswipe/warp WitchCute 20 21/faceDirection MonaCute 0/faceDirection TristanCute 0/pause 500/shake MonaCute 250/jump TristanCute 3/textAboveHead WitchCute \"Meddling Children!\"/pause 500/showFrame TristanCute 18/move MonaCute 0 -1 0/showFrame MonaCute 18/pause 500/shake WitchCute 350/pause 500/animate WitchCute false false 350 4 5 6 7 8/pause 1250/warp TristanCute 20 23/pause 500/screenFlash 1/warp TristanCute -1000 -1000/warp GingerCute 20 23/pause 1000/emote MonaCute 16/faceDirection MonaCute 2/speed MonaCute 8/move MonaCute 0 7 2/pause 500/warp MonaCute -1000 -1000/animate GingerCute false true 250 0 1 0 1/playSound cacklingWitch/fade fadeOut/warp WitchCute -1000 -1000/warp GingerCute -1000 -1000/viewport -100 -100/changeLocation Farmhouse/warp Stranger 12 17/warp farmer 12 19/viewport 13 15/pause 500/emote Stranger 28/pause 500/quickQuestion #She turned you into a cat?#What happened next?#Where's the girl now?#Why didn't you tell me?#Why aren't you ginger?(break)speak Stranger \"Yes, yes she did. And a cat I have been ever since. Until today.\"(break)speak Stranger \"I wandered lost, confused, and so very hungry.#$b#A kind man took me in and fed me - until I ran away. The valley called me home.\"(break)speak Stranger \"Not far from here, in town. But... she's gone, @. I wasn't there to protect her. She died.$2\"(break)speak Stranger \"That's the nature of a curse, @. I couldn't speak aloud of my... my condition.$2#$b#Besides, if you knew, it would forfeit the remedy.$3\"(break)speak Stranger \"Because I'm not? Why not a black cat? Only one person knows.$3#$b#And I don't want to ask her. Do you?$2\"/pause 1000/speak Stranger \"My name was - IS - Tristan.#$b#And I'm sure you're wondering what broke the enchantment?$1#$b#What do you think? You've read fairy tales, haven't you?$3\"/pause 500/emote farmer 60/pause 500/speak Stranger \"Yes, my dear. Love. I know, it's totally corny.$4#$b#It was your love for a cat that broke the spell. And a hope, perhaps, that you could love the man as well.$3\"/quickQuestion #I preferred the cat.#This is a lot. I need to think it over.#Oh, I guessed weeks ago.#Cat, man. Whatever. I love you too.(break)speak Stranger \"Oh....#$b#Sorry I'm not the... the person you wanted me to be.$2#$b#I've ruined everything. I'm sorry. I'll see myself out.#$b#Goodnight @.$2\"(break)speak Stranger \"I understand. I'll give you some space. I can let myself out. I have thumbs again.$2#$b#I'll see you tomorrow. I hope?$2\"(break)speak Stranger \"Ah, I knew you were onto it the moment we first met.$1#$b#And I suppose leaving books of fairy tales lying around wasn't exactly subtle.$3#$b#So... um, does that mean you want to stick with me? That you're good with this whole weird situation?$4\"(break)speak Stranger \"Really? You really mean that? Oh, @, I'm so pleased.$1#$b#And I have hands now. And lips. I've been wanting to kiss you for so long.$4#$b#That's not weird is it? Okay, it's a little bit weird... am I babbling? I think I'm babbling...$1#$b#Why don't you come over here and make me shut up?$6\"/end invisible MisterGinger"
							},
			"When": {
				"JustaCat": "false"
				
								}

},
{
	"LogName": "Just a nightmare",
	"Action": "EditData",
	"Target": "Data/Events/Farm",
	"Entries": {
		"50706131/e 50706130": "none/64 15/MisterGinger 65 16 2 farmer 64 16 2/skippable/pause 500/animate MisterGinger false true 250 24 25 26 27 23 29 30 31 30/pause 1500/emote farmer 40/pause 1500/faceDirection MisterGinger 3/stopAnimation MisterGinger/pause 500/emote MisterGinger 8/pause 500/speak MisterGinger \"What's wrong, @? Your forehead is doing that weird creasing thing and you stink of unhappiness.$2#$b#Which is similar to stewed cabbage, if you were curious.\"/pause 400/quickQuestion #Last night you were a man?#I had a terrible dream.#Are you really a cat?(break)jump MisterGinger 3\\speak MisterGinger \"What??! A man!$5#$b#To no longer have this luxurious fur, this magnificant tail!#$b#What a disgusting notion!\"(break)speak MisterGinger \"Oh! What kind of dream?#$b#You dreamt I was a man? A disgusting, furless man!$5#$b#Ugh! Oh, sorry, no offence intended. But, gross! Your kind are clearly inferior to mine.$2\"(break)speak MisterGinger \"Hmmm, philosophy this early in the morning? What is it, do you think, to be a cat?$3#$b#Four paws, check. Pointed ears, check. Manificent fluffy tail, all accounted for. Charming purr? Yep.$1#$b#I would say, all evidence confirms that yes, I am a cat.$4\"/pause 500/speak MisterGinger \"Is that all that was bothering you, @?\"/quickQuestion #Yep, that was about it.#Do you love me, Mr. Ginger#I'm hungry, shall we get breakfast?(break)speak MisterGinger \"Oh that's good! You had me worried there, you humans can be such moody creatures.#$b#Want me to catch you something small and squeaky for breakfast?#$b#No? Okay. All the more for me then!$1\"(break)speak MisterGinger \"Love? Of course I love you, @! You bring me fish, and cheese, and you're delightfully warm on a cold day.#$b#Plus you keep up a reasonable conversation, a vast improvement over all cats and most humans.$1#$b#What more could a feline ask for? You humans complicate emotions so much.$4\"(break)speak MisterGinger \"Sounds like a plan, I've got you well trained, haven't I?$4\"/pause 500/speak MisterGinger \"All better now? Word of advice, @?#$b#Humans can get too caught up in their imagination. You've gotta focus on what's real.$3#$b#Like cheese. Now, speaking of cheese...$4\"/pause 500/emote MisterGinger 20/emote farmer 32/pause 1000/end"
							},
		"When": {
				"JustaCat": "true"
				}
		
		},

		{
            "Action": "Load",
            "Target": "Characters/JasCute",
             "FromFile": "assets/Images/cute-babyJas.png"
                    },
    
         {
            "Action": "Load",
             "Target": "Characters/MarnShane",
             "FromFile": "assets/Images/cute-MarnShane.png"
                    },
        {
            "Action": "Load",
            "Target": "Characters/MarnCute",
            "FromFile": "assets/Images/cute-Marnie.png"
                    },
        {
            "LogName": "What happened to the girl?",
            "Action": "EditData",
            "Target": "Data/Events/Farm",
            "Entries": {
			"50706135/e 50706130/t 600 1000": "none/64 18/MisterGinger 64 16 0 farmer 64 15 2/skippable/addTemporaryActor GingerCute 16 16 -100 -100 2 false/addTemporaryActor JasCute 16 16 -1000 -1000 2 false/addTemporaryActor MarnShane 32 16 -1000 -1000 2 false/addTemporaryActor MarnCute 16 16 -1000 -1000 2 false/pause 500/speak MisterGinger \"Good morning, @. Slept in today?#$b#I'm teasing. You know me though - up before the dawn. Seems some habits are hard to break...#$b#Anyway, would you like to hear the end of the story?\"/quickQuestion #Yes, of course!#Well, I suppose. If you insist.#Not really, but I'm sure you'll tell me anyway.(break)speak MisterGinger \"Be warned - it's not a very happy one.$2\"(break)speak MisterGinger \"Oh, I do. I need you to know... so you can see who I truly am.\"(break)speak MisterGinger \"Hah, you know me well, @, even in this form.#$b#I trust you will not find it too tedious.\"/pause 500/viewport -100 -100/warp MisterGinger -1000 -1000/warp farmer -1000 -1000/animate GingerCute false true 250 0 1 3 12 13 14 15/emote GingerCute 24/speak MisterGinger \"The witch didn't leave me there in the cave. No, she took me away and dumped me in the countryside, far from home.$2#$b#I could barely remember who I was, who I had been.#$b#There was one memory that I clung to, however.#$b#Her. #$b#I learned to hunt, and to follow the tingle in my whiskers.\"/pause 500/changeLocation Town/warp MarnShane 47 88/stopAnimation GingerCute/warp GingerCute 45 91/showFrame GingerCute 12/speak MisterGinger \"But when I finally found my way home, I was too late.$2\"/fade/playMusic desolate/viewport 45 89/pause 2500/animate MarnShane false false 450 0 1 2/showFrame MarnShane 2/pause 2500/animate GingerCute false false 350 16 17 18 19 19 19/pause 2000/showFrame GingerCute 19/pause 5000/viewport -100 -100/warp MarnShane -1000 -1000/speak MisterGinger \"But within the darkness, there was one bright spark.#$b#Her daughter.#$b#Our daughter.\"/stopMusic/warp MarnCute 49 31 2 false/showFrame MarnCute 0/warp JasCute 50 31/warp GingerCute 50 35/showFrame JasCute 0/pause 500/viewport 50 34/fade/pause 1000/animate GingerCute false false 250 12 13 14 15/pause 1000/showFrame JasCute 1/emote JasCute 20/pause 500/textAboveHead JasCute \"Kitty!\"/pause 500/showFrame GingerCute 0/pause 500/faceDirection GingerCute 0/pause 500/animate JasCute false false 250 1 2 3/emote GingerCute 16/pause 500/move GingerCute 0 -3 2/showFrame Jas 2/showFrame GingerCute 18/pause 500/faceDirection MarnCute 1/pause 250/emote GingerCute 20/emote MarnCute 32/pause 1000/viewport -100 -100/speak MisterGinger \"And from that day on, I was Jas's cat - and Jas was my human.#$b#Never a pet, but a friend.#$b#We were happy. I watched her grow and flourish. Cherished her, when her mother could not.$2#$b#She's surrounded by so much love, of that I'm glad.\"/pause 500/changeLocation Farm/warp MisterGinger 64 17 3/warp farmer 64 16 1/viewport 64 18/pause 500/speak MisterGinger \"So now, @, you understand why Jasmine - Jas - is so important to me.$4\"/pause 500/emote farmer 32/pause 2000/end"
					},
			"When": {
				"JustaCat": "false"
					}
			},
	{ "LogName": "Alt 14-heart part 2",
		"Action": "EditData",
		"Target": "Data/Events/BusStop",
		"Entries": {
		"50706133/e 50706132/t 0600 1200/w sunny": "MarlonsTheme/14 23/farmer 7 23 3 Marlon 14 20 2 MisterGinger -100 -100 2/skippable/pause 1000/move farmer 2 0 1/pause 500/showFrame Marlon 12/pause 1000/speak Marlon \"Ah, @! I was just coming down to see you.\"/whoFrame Marlon 0/move farmer 6 0 0/emote farmer 40/pause 500/speak Marlon \"I bumped into my good friend Linus this morning, and I was wondering if, erm, if 'Marmalade' was around?\"/pause 500/move farmer 0 -2 3/emote farmer 8/pause 500/speak Marlon \"I believe he also goes by the names of: Osiris, Trix and Mr. Ginger, among others?\"/warp MisterGinger 0 23/move MisterGinger 7 0 1/pause 500/speak MisterGinger \"Did someone say my name? Not that I'm in the habit of coming when called but, well...#$b#... Ah, hello Marlon!\"/pause 500/showFrame Marlon 5/move MisterGinger 7 0 0/move MisterGinger 0 -2 0/showFrame Marlon 4/speak MisterGinger \"It's been a while! Still living with the old man up in that house on the mountain?$1#$b#Daydreaming about a life that could have been - if you'd only followed your heart, instead of your stubborn conscience?$1\"/pause 500/speak Marlon \"Talkative, isn't he?\"/faceDirection MisterGinger 1/pause 500/speak MisterGinger \"Marlon never learned to 'listen'.$4\"/faceDirection MisterGinger 0/pause 500/speak MisterGinger \"So, graybeard, what brings you down from the mountains?#$b#You know, you should pop down and say 'hi' to Marnie while you're here.#$b#She mopes and reads nauseating paperbacks; she's waiting for a pirate to sweep her off her feet.$3\"/pause 500/faceDirection MisterGinger 1/pause 500/speak MisterGinger \"See, can't understand a word I'm saying. Silly humans. Need to clean their ears out.\"/emote farmer 40/pause 500/speak Marlon \"Well, this is somewhat unusual, but I've come here with a proposal.\"/pause 500/emote MisterGinger 8/faceDirection MisterGinger 0/speak MisterGinger \"A proposal? I'm afraid I've already signed an allegiance to this human.#$b#But, well, my priorities could be shifted. What's your offer?$1\"/emote farmer 12/pause 500/faceDirection MisterGinger 1/speak MisterGinger \"Just kidding, @!$4\"/pause 500/showFrame Marlon 0/speak Marlon \"I hear your cat has been quite the hero, @.\"/pause 500/emote MisterGinger 12/pause 500/faceDirection MisterGinger 0/speak MisterGinger \"I'm right here, graybeard, you can talk to me you know!\"/pause 500/speak Marlon \"And we were wondering if he might be interested in joining the Adventurer's Guild?\"/pause 500/emote MisterGinger 16/jump MisterGinger 3/pause 500/speak MisterGinger \"The Adventurer's Guild! Me? A defender of the town!$4\"/pause 500/speak Marlon \"It's dangerous work, I mean, how do you think I lost my eye?#$b#But what do you say?\"/pause 500/faceDirection MisterGinger 1/speak MisterGinger \"The chance to protect Jas and everyone else, why it would be an honor! But what do you think, @?\"/quickQuestion #You're brave and strong, and they need you!#You've got to follow what's right by you.#I don't want to see you get hurt.#You, a defender? You're a cat!(break)speak MisterGinger \"I am, aren't I. I'm so glad you recognise that!\"(break)speak MisterGinger \"You're very wise... but yes, I think this is it!\"(break)speak MisterGinger \"I don't want to get hurt either, @. But I'm fast, and cunning and wily. I can do this!\"(break)speak MisterGinger \"And your point is? Does being a cat make me weak?#$b#My teeth and my claws are my weapons, @.#$b#Wanna challenge me?$5\"/pause 1000/emote Marlon 8/pause 500/speak Marlon \"Is that a 'yes'?\"/pause 500/faceDirection MisterGinger 0/pause 500/showFrame MisterGinger 40/pause 500/playSound cat/pause 500/showFrame Marlon 4/speak Marlon \"Are you prepared to swear the oath of allegiance?\"/pause 500/playSound cat/pause 500/showFrame MisterGinger 41/showFrame MisterGinger 42/pause 500/showFrame MisterGinger 43/pause 500/speak Marlon \"Very well. Do you, the one known as Marmalade and also, Mr. Ginger, solemnly swear to put the lives of others before your own?\"/pause 500/playSound cat/pause 500/showFrame MisterGinger 42/pause 500/showFrame MisterGinger 43/pause 500/speak Marlon \"Do you promise to act as guardian and protector?#$b#To guard against the blight of darkness and the pestilence of the void. That which resides within and without.\"/pause 500/playSound cat/pause 500/showFrame MisterGinger 42/pause 500/showFrame MisterGinger 43/pause 500/speak Marlon \"You may rise, noble feline.\"/pause 500/showFrame MisterGinger 17/pause 500/showFrame MisterGinger 18/pause 500/speak MisterGinger \"Thank you for this honor, Marlon. I'll do you proud, I promise.\"/pause 500/showFrame MisterGinger 25/animate MisterGinger false true 200 29 30 31 30/pause 500/emote Marlon 8/pause 500/emote farmer 32/pause 2000/end"
				}, 
		"When": {
			"JustaCat": "true"
				}
			},
// Other characters

{	"LogName": "Dialogue Abigail",
	"Action": "EditData",
	"Target": "Characters/Dialogue/Abigail",
	"Entries": {
		"Town_47_87": "$1 Mona_Memory#Mona and I were friends, you know, until she went and fell in love with some idiot guy. Yeah, I know, I'm jealous. Shouldn't be; Tristan's dead now too. Well, probably. They never found his body.$6|Just catching Mona up with what's going on in the village. Heard any good goss recently?$4",
		"summer_inlaw_MisterGinger": "I can't believe you married a cat, @! That's wild.$1#$b#Still, you could do a lot worse than Pumpkin.#$b#And who knows? Maybe what Jas says is true. Maybe he is more than just a cat.$6"
			},
		"When": {
			"Hearts:Abigail":"6,7,8,9,10"
		}
	
},
{	"LogName": "Dialogue Abigail",
	"Action": "EditData",
	"Target": "Characters/Dialogue/Abigail",
	"Entries": {
		"fall_inlaw_MisterGinger": "I was wandering past your farm and saw a stranger in your fields. He looked kind of familiar.$2#$b#Is there something you're not telling me, @? I thought we were friends!$5"
	},
	"When": {
		"HasSeenEvent": "50706130",
		"Hearts:Abigail":"6,7,8,9,10",
		"JustaCat": "false"
						}
},



{	"LogName": "Dialogue Jas",
	"Action": "EditData",
	"Target": "Characters/Dialogue/Jas",
	"Entries": {
		"fall_Mon4": "Have you met Mr. Ginger? He's sort of a cat, but also more than a cat. He's my friend!",
		"fall_Mon8": "You know the man in the tower? He's a wizard.#$b#Aunt Marnie told me I shouldn't talk to him, but he must be lonely, living in that tower all by himself.#$b#Mr. Ginger visits him sometimes.",
		"winter_Mon10": "Do you think Mr. Rasmodius is anything like Chrestomanci$3?#$b#How do I know his name? Mr. Ginger told me!$1#$b#Oh, I know _cats_ can't talk. But Mr. Ginger is more than a cat.#$b#What is he then? That's a secret!",
		"summer_Tue6": "Mr. Ginger loves me reading him stories. He really, really likes 'East of the Sun...'#$b#It's a fairy tale about a bear, only he isn't really a bear. He's enchanted!$1#$b#*giggles* Anyway, I just thought you should know! No reason!$4",
		"winter_Sun6_inlaw_MisterGinger": "I hope Mr. Ginger's happy living with you! I miss him, but I've got Uncle Shane and Aunt Marnie - and all the other animals.",
		"spring_Mon6_inlaw_MisterGinger": "Mr. Ginger's a great friend. He's special you know. Has he told you his secret yet? *giggles*$1#$b#No, I'm not gonna! I promised not to tell.$4"
	}
	
},
{	"LogName": "Dialogue Jas",
	"Action": "EditData",
	"Target": "Characters/Dialogue/Jas",
	"Entries": {
		"winter_Sun6_inlaw_MisterGinger": "You broke the spell! I'm so excited! It's so romantic - like something out of a fairy tale!$1",
		"spring_Mon8_inlaw_MisterGinger": "I wish Da- I mean, Tristan - would stop hiding from everyone. But I think he's scared.$2#$b#Even though Uncle Shane's not scary!$1",
		"summer_Wed6_inlaw_MisterGinger": "You know, my father and Shane used to be friends. They need to talk. Tell Da - I mean Tristan - they've gotta talk.",
		"fall_Sun8_inlaw_MisterGinger": "Are you and Tristan gonna have kids? Oh, sorry. Uncle Shane says it's rude to ask that question...$4#$b#... but are you? I'd have a secret brother or sister!$1"
			},
		"When": {
			"HasSeenEvent": "50706130",
			"JustaCat": "false"
						}
	
},

//Compatibility Files

{	"LogName": "Schedule", 
	"Action": "EditData",
	"Target": "Characters/schedules/MisterGinger",
	"Entries": {
	"Sun": "800 AnimalShop 5 5 2 MrG_Grooming/1000 Forest 29 12 0/1200 Forest 18 75 2 MrG_Grooming/1600 Forest 13 40 2 MrG_Grooming/1900 AnimalShop 7 16 2 MrG_Sleep",
	"Marriage_Fri:": "900 Forest 29 12 0/1200 Forest 18 75 2 MrG_Grooming/1530 AnimalShop 7 16 2/2430 BusStop -1 23 3"		},
	"When": {
		"HasMod:Ran.HarvestGoddess":true,
		"HasMod:Wolf.RomRas":false
			}
},
{	"LogName": "Schedule", 
	"Action": "EditData",
	"Target": "Characters/schedules/MisterGinger",
	"Entries": {
	"summer_Sun": "800 AnimalShop 5 5 2 MrG_Grooming/1000 Forest 21 29 2 MrG_Grooming/1600 Forest 13 40 2 MrG_Grooming/1900 AnimalShop 7 16 2 MrG_Sleep",
	"spring_Sun": "800 AnimalShop 5 5 2 MrG_Grooming/1000 Forest 21 29 2 MrG_Grooming/1600 Forest 13 40 2 MrG_Grooming/1900 AnimalShop 7 16 2 MrG_Sleep",
	"fall_Sun": "800 AnimalShop 5 5 2 MrG_Grooming/1000 Forest 21 29 2 MrG_Grooming/1600 Forest 13 40 2 MrG_Grooming/1900 AnimalShop 7 16 2 MrG_Sleep",
	"Marriage_Fri:": "900 Forest 21 29 0 MrG_Grooming/1300 Town 86 103 2/1620 Town 18 94 0/1750 AnimalShop 7 16 2/2430 BusStop -1 23 3"	},
	"When": {
		"HasMod:Ran.HarvestGoddess": false,
		"HasMod:Wolf.RomRas":true
			}
},

//movies!

{ 
	"LogName": "Movie Theatre Default",
	"Action": "EditData",
	"Target": "Data/MoviesReactions",
	 "FromFile": "assets/MoviesReactions.json"
},
{    
	"LogName": "Movie Theatre - Concession Tastes Default",
	"Action": "EditData",
	"Target": "Data/ConcessionTastes",
		  "FromFile": "assets/ConcessionTastes.json"
   }
	
]
}
		
		
