
{
	"Format": "1.11.0",
	"Changes": [


        {	"Action": "Load",
            "Target": "Characters/VoidGolem",
            "FromFile": "assets/VoidGolem.png",
            "when": { 
                "HasMod:lemurkat.MarnieRanchPack": "false"
            }
        },

        {
            "Action": "Load",
            "Target": "Characters/JasCute",
             "FromFile": "assets/Images/cute-babyJas.png"
                    },
    
         {
            "Action": "Load",
             "Target": "Characters/MarnShane",
             "FromFile": "assets/Images/cute-MarnShane.png"
                    },
        {
            "Action": "Load",
            "Target": "Characters/MarnCute",
            "FromFile": "assets/Images/cute-Marnie.png"
                    },

        
        {
            "Logname": "What happened to the girl?",
            "Action": "EditData",
            "Target": "Data/Events/Farm",
            "Entries": {
        
        "Entries": {
            "50706134/e 50706130": "none/64 15/MisterGinger 64 17 2 farmer 64 16 2/skippable/addTemporaryActor GingerCute 16 16 -100 -100 2/addTemporaryActor JasCute 16 16 -1000 -1000 2/addTemporaryActor MarnShane 32 16 -1000 -1000 2/pause 500/speak MisterGinger \"Good morning, @. Slept in today?#$b#I'm teasing. You know me though - up before the dawn. Seems some habits are hard to break...#$b#Anyway, would you like to hear the end of the story?\"/quickQuestion #Yes, of course!#Well, I suppose. If you insist.#Not really, but I'm sure you're going to tell me anyway.(break)speak MisterGinger \"Be warned - it's not a very happy one.$2\"(break)speak MisterGinger \"Oh, I do. I need you to know... so you can see who I truly am.\"(break)speak MisterGinger \"Hah, you know me well, @, even in this form.#$b#I trust you will not find it too tedious.\"/pause 500/fade fadeout/warp MisterGinger -1000 -1000/warp farmer -1000 -1000/animate GingerCute false false 250 0 1 2/viewport -100 -100/speak MisterGinger \"The witch didn't leave me there in the cave. No, she dumped me in the countryside, far away.#$b#I could barely remember who I was, who I had been.#$b#There was one memory that I clung to.#$b#Her.#$b#A kindly tomcat taught me to hunt, and another to follow the tingle in my whiskers, and find my way home.\"/fade fadeOut/pause 500/changeLocation Town/warp MarnShane 47 88/warp GingerCute 45 91/showFrame GingerCute 12/speak MisterGinger \"But when I finally found my way home, I was too late.\"/playMusic desolate/viewport 45 93/pause 500/animate MarnShane false false 450 0 1 2/pause 500/animate GingerCute false false 350 16 17 18 19/pause 1000/fade fadeout/warp MarnShane -1000 -1000/changeLocation AnimalShop/speak MisterGinger \"But within the darkness, there was one bright spark.\"/warp MarnCute 49 94 2/warp JasCute 50 94 0/warp GingerCute 50 99/showFrame JasCute 0/pause 500/viewport 47 100/animate GingerCute false false 250 12 13 14 15/pause 1000/showFrame JasCute 1/emote JasCute 20/pause 500/textAboveHead JasCute \"Kitty!\"/pause 500/showFrame GingerCute 0/pause 500/faceDirection GingerCute 0/pause 500/animate JasCute false false 250 1 2 3/emote GingerCute 16/pause 500/move GingerCute 0 -4 2/showFrame Jas 2/pause 500/emote GingerCute 20/emote CuteMarn 32/fade fadeout/changeLocation Farm/warp MisterGinger 64 17 3/warp farmer 64 16 1/viewport 64 15/pause 500/speak MisterGinger \"Do you understand now, why Jas is so important to me?\"/pause 500/emote farmer 32/pause 1000/end"
            
            
            I was confused at first, as you may well imagine, and wandered lost, confused. Befuddled.#$b#Until a tingling
                       \"/end" },
            "When": {
                "JustaCat": "false"
                                   }                       }
        },
    
        
        { "Logname": "Alt 14-heart part 2",
            "Action": "EditData",
            "Target": "Data/Events/BusStop",
            "Entries": {
                "50706133/e 50706132/t 0600 1200/w sunny": "MarlonsTheme/14 23/farmer 7 23 3 Marlon 14 22 2 MisterGinger -100 -100 2/skippable/pause 1000/move farmer 2 0 1/pause 500/showFrame Marlon 12/pause 1000/speak Marlon \"Ah, @! I was just coming down to see you.\"/move farmer 8 0 3/emote farmer 40/pause 500/speak Marlon \"I bumped into my good friend Linus this morning, and I was wondering if, erm, if 'Marmalade' was around?\"/pause 500/emote farmer 8/pause 500/speak Marlon \"I believe he also goes by the names of: Osiris, Trix and Mr. Ginger, among others?\"/warp MisterGinger 0 23/move MisterGinger 7 0 1/pause 500/speak MisterGinger \"Did someone say my name? Not that I'm in the habit of coming when called but, well... Ah, hello Marlon!\"/pause 500/move MisterGinger 7 0 0/speak MisterGinger \"It's been a while! Still living with the old man up in that house on the mountain?#$b#Daydreaming about a life that could have been - if you'd only follow your heart, instead of your stubborn conscience.\"/pause 500/speak Marlon \"Talkative, isn't he?\"/faceDirection MisterGinger 2/pause 500/speak MisterGinger \"Marlon never learned to 'listen'.$5\"/faceDirection MisterGinger 0/pause 500/speak MisterGinger \"So, graybeard, what brings you down from the mountains?#$b#You know, you should pop down and say 'hi' to Marnie while you're here.#$b#She mopes and reads nauseating paperbacks; she's waiting for a pirate to sweep her off her feet.$3\"/pause 500/faceDirection MisterGinger 2/pause 500/speak MisterGinger \"See, can't understand a word I'm saying. Silly humans. Need to clean their ears out.\"/emote farmer 40/pause 500/speak Marlon \"Well, this is somewhat unusual, but I've come here with a proposition.\"/pause 500/emote MisterGinger 8/speak MisterGinger \"A proposition? I'm afraid I've already signed an allegiance to this human.#$b#But, well, my priorities could be shifted. What's your offer?$1\"/emote farmer 12/pause 500/faceDirection MisterGinger 2/speak MisterGinger \"Just kidding, @!$5\"/pause 500/speak Marlon \"I hear your cat has been quite the hero, @.\"/pause 500/emote MisterGinger 12/pause 500/speak MisterGinger \"I'm right here, graybeard, you can talk to me you know!\"/pause 500/speak Marlon \"And we were wondering if he might be interested in joining the Adventurer's Guild\"/pause 500/emote MisterGinger 16/jump MisterGinger 3/pause 500/speak MisterGinger \"The Adventurer's Guild! Me? A defender of the town!$5\"/pause 500/speak Marlon \"It's dangerous work, I mean, how do you think I lost my eye?#$b#But what do you say?\"/pause 500/faceDirection MisterGinger 2/speak MisterGinger \"The chance to protect Jas and everyone else, why it would be an honor. But what do you think, @?\"/quickQuestion #You're brave and strong, and they need you!#You've got to follow what's right by you.#I don't want to see you get hurt.#You, a defender? You're a cat!(break)speak MisterGinger \"I am, aren't I. I'm so glad you recognise that!\"(break)speak MisterGinger \"You're very wise... but yes, I think this is it!\"(break)speak MisterGinger \"I don't want to get hurt either, @. But I'm fast, and cunning and wily. I can do this!\"(break)speak MisterGinger \"And your point is? Does being a cat make me weak?#$b#My teeth and my claws are my weapons, @.#$b#Wanna challenge me?$4\"/pause 1000/emote Marlon 8/pause 500/speak Marlon \"Is that a 'yes'?\"/pause 500/faceDirection MisterGinger 0/pause 500/showFrame MisterGinger 40/pause 500/playSound cat/pause 500/speak Marlon \"Are you prepared to swear the oath of allegiance?\"/pause 500/playSound cat/pause 500/showFrame MisterGinger 41/showFrame MisterGinger 42/pause 500/showFrame MisterGinger 43/pause 500/speak Marlon \"  Very well. Do you, the one known as Marmalade and also, Mr. Ginger, solemnly swear to put the lives of others before your own.\"/pause 500/playSound cat/pause 500/showFrame MisterGinger 42/pause 500/showFrame MisterGinger 43/pause 500/speak Marlon \"Do you promise to act as guardian and protector?#$b#To guard against the blight of darkness and the pestilence of the void. That which resides within and without.\"/pause 500/playSound cat/pause 500/showFrame MisterGinger 42/pause 500/showFrame MisterGinger 43/pause 500/speak Marlon \"You may rise, noble feline.\"/pause 500/showFrame MisterGinger 17/pause 500/showFrame MisterGinger 18/pause 500/speak MisterGinger \"Thank you for this honor, Marlon. I'll do you proud, I promise.\"/pause 500/showFrame MisterGinger 25/animate MisterGinger false true 120 29 30 31 30/pause 500/emote Marlon 8/pause 500/emote farmer 32/pause 2000/end"
            }
        },
        
        
        
        
        
        
        {
            "Action": "Load",
            "Target": "Characters/Stranger",
            "FromFile": "assets/Images/MisterGingerSprites2.png"
                        },
        {
            "Action": "Load",
            "Target": "Portraits/Stranger",
            "FromFile": "assets/Images/MisterGingerPortrait2.png"
                                        },
    
         {
             "Action": "Load",
             "Target": "Characters/MonaCute",
              "FromFile": "assets/Images/Cute-Mona.png"
                     },
        
        {
             "Action": "Load",
            "Target": "Characters/TristanCute",
            "FromFile": "assets/Images/cute-Tristan.png"
                    },    
    
        {
            "Action": "Load",
            "Target": "Characters/GingerCute",
             "FromFile": "assets/Images/cute-Ginger.png"
                    },
    
         {
            "Action": "Load",
             "Target": "Characters/WitchCute",
             "FromFile": "assets/Images/cute-Witch2.png"
                    },
    
        {"Logname": "Curse is broken",
            "Action": "EditData",
            "Target": "Data/Events/Farmhouse",
            "Entries": {
                "50706130/f MisterGinger 3500/e 50706129/d Tue Wed Thu Fri Sat Sun/L": "none/-100 -100/farmer -1000 -1000 0/addTemporaryActor Stranger 16 32 3 5 0 false/addTemporaryActor MonaCute 16 16 -100 -102 2 false/addTemporaryActor TristanCute 16 16 -101 -102 2 false/addTemporaryActor WitchCute 16 24 -1000 -1000 2 false/addTemporaryActor GingerCute 16 16 -1000 -1000 2 false/skippable/viewport 3 10/playSound doorOpen/warp farmer 3 11/move farmer 0 -1 0/pause 500/emote farmer 8/pause 500/faceDirection Stranger 2/pause 500/jump farmer 3/pause 500/faceDirection Stranger 2/speak Stranger \"Oh, hello handsome.^Oh, hello beautiful.$6#$b#I wanted to cook you dinner... but I'm afraid I'm out of practice.$5\"/quickQuestion #Who are you and why are you in my kitchen?#What have you done with Mister Ginger?(break)speak Stranger \"Sorry, I didn't mean to startle you. But this is my home too.#$b#I'm sad you didn't recognise me, but I guess that makes sense\"(break)speak Stranger \"You seem very concerned about your cat. You must love him very much.$2\"/pause 500/emote farmer 28/pause 500/speak Stranger \"I'm afraid it's complicated.\"/quickQuestion #I'm calling the Adventurer's Guild!#I'm calling Mayor Lewis!#I have a sword, and I know how to use it!#Did you mention dinner?(break)speak Stranger \"Oh, please do! It's been years since I've seen Marlon like this!$1\"(break)speak Stranger \"Go ahead. Although I suspect our esteemed Mayor is too occupied with his 'business affairs'.$3\"(break)speak Stranger \"I know. And I'd really prefer you didn't use it on me - at least not until you hear me out.$2\"(break)speak Stranger \"A man after my own heart.$1^A woman after my own heart.$1#$b#However, I'm afraid it wasn't very successful.$2\"/speak Stranger \"Please, just listen. I'll try to explain.$2\"/pause 1500/fadeOut/warp Stranger -1000 -1000/warp farmer -1000 -1000/viewport -100 -98/speak Stranger \"Once upon a time, not very many years ago, there were a young man and a young woman.\"/pause 500/faceDirection MonaCute 1/faceDirection TristanCute 3/speak Stranger \"And they were - or at least, thought they were - in love.\"/showFrame TristanCute 16/showFrame MonaCute 16/showFrame TristanCute 17/showFrame MonaCute 17/pause 500/SpecificTemporarySprite Heart -100 -100/pause 500/speak Stranger \"Together they had many adventures: they swam, climbed trees...\"/faceDirection MonaCute 0/animate MonaCute 250 false true 8 9 10 11/animate TristanCute 250 false true 8 9 10 11/pause 1000/speak Stranger \"And stuck their noses into places they should not. And that was how, one day...\"/stopAnimation MonaCute/faceDirection MonaCute 1/stopAnimation TristanCute/faceDirection TristanCute 3/emote TristanCute 16/pause 1000/fadeOut/changeLocation WitchSwamp/warp MonaCute 20 21/warp TristanCute 21 21/fade/viewport 20 23/pause 500/faceDirection MonaCute 0/playSound stoneStep/pause 250/playSound stoneStep/textAbove Head MonaCute \"Hello?\"/pause 500/faceDirection MonaCute 1/textAboveHead MonaCute \"No-one's home.\"/pause 500/emote TristanCute 60/pause 500/textAboveHead MonaCute \"I'm going in\"/pause 500/faceDirection MonaCute 0/pause 500/playSound openChest/pause 500/emote TristanCute 28/pause 1000/fadeOut/changeLocation WitchHut/warp MonaCute 7 11/warp TristanCute 8 11/pause 500/move MonaCute 0 5 0/faceDirection TristanCute 1/pause 250/faceDirection TristanCute 0/pause 250/faceDirection TristanCute 3/pause 500/textAboveHead MonaCute \"Wow!\"/move MonaCute 0 4 1/pause 400/textAboveHead MonaCute \"This is amazing!\"/pause 500/textAboveHead MonaCute \"I wonder what happens...\"/pause 250/playSound dwoop/pause 500/playSound shadowPeep/pause 500/jump TristanCute 3/textAboveHead TristanCute \"What have you done?\"/pause 500/playSound cacklingWitch/pause 500/emote MonaCute 16/speed MonaCute 4/move MonaCute 0 -4 2/pause 250/speed MonaCute 4/move MonaCute 0 9 2/warp MonaCute -1000 -1000/speed TristanCute 4/speed TristanCute 4/move TristanCute -1 0 2/speed TristanCute 4/move TristanCute 0 -4 2/fadeOut/viewport -100 -100/changeLocation WitchSwamp/warp MonaCute 20 25/warp TristanCute 21 24/viewport 19 25/pause 500/playSound swordswipe/warp WitchCute 20 21/faceDirection MonaCute 0/faceDirection TristanCute 0/pause 500/shake MonaCute 250/jump TristanCute 3/textAboveHead WitchCute \"Meddling Children!\"/pause 500/showFrame TristanCute 18/move MonaCute 0 -1/showFrame MonaCute 18/pause 500/shake WitchCute 350/pause 500/animate WitchCute false false 350 4 5 6 7 8/pause 1250/warp TristanCute 20 23/pause 500/screenFlash 1/warp TristanCute -1000 -1000/warp GingerCute 20 23/pause 1000/emote MonaCute 16/faceDirection MonaCute/move MonaCute 0 7 2/warp MonaCute -1000 -1000/animate GingerCute false true 250/0 1 0 1/playSound cacklingwitch/fadeOut/warp WitchCute -1000 -1000/warp GingerCute -1000 -1000/viewport -100 -100/changeLocation Farmhouse/warp Stranger 3 8/warp farmer 3 10/pause 500/emote Stranger 28/pause 500/quickQuestion #She turned you into a cat?#What happened next?#Where's the girl now?#Why didn't you tell me?#Why aren't you ginger?#Do you have a name?(break)speak Stranger \"Yes, yes she did. And a cat I have been ever since. Until today.\"(break)speak Stranger \"I wandered lost, confused, and so very hungry.#$b#A kind man took me in and fed me, but I ran away. The valley called me home.\"(break)speak Stranger \"Not far from here, in town. But... she's gone, @. I wasn't there to protect her. She died.$2\"(break)speak Stranger \"That's the nature of a curse, @. I couldn't speak aloud of my... my condition.$2#$b#Besides, if you knew, it would forfeit the remedy.$3\"(break)speak Stranger \"Because I'm not? Why not a black cat? Only one person knows.$3#$b#And I don't want to ask her. Do you?$2\"(break)speak Stranger \"Yes... but the spell stole it. Maybe I'll find it again.#$b#Or I'll choose a new one. I don't recall being particularly attached to it.\"/pause 500/speak Stranger \"I'm sure you're wondering what broke the enchantment?#$b#What do you think? You've read fairy tales, haven't you?\"/pause 500/emote farmer 60/pause 500/speak Stranger \"Yes, my heart. Love. I know, it's totally corny.#$b#It was your love for a cat that broke the spell. And I hope, perhaps, that you can love the man as well.#$b#Because this man truly loves you./quickQuestion #I preferred the cat.#This is a lot. I need to think it over.#Oh, I guessed weeks ago.#Cat, man. Whatever. I love you too.(break)speak Stranger \"Oh....#$b#Sorry I'm not the... the person you wanted me to be. #$b#I've ruined everything. I'll see myself out.#$b#Goodnight @.\"(break)speak Stranger \"I understand. I'll give you some space. I can let myself out. I have thumbs again.#$b#I'll see you tomorrow. I hope? I love you.\"(break)speak Stranger \"Ah, my love, I knew you were onto it the moment we first met.#$b#And I suppose leaving books of fairy tales lying around wasn't exactly subtle.#$b#So... um, does that mean you want to stick with me? That you're good with this whole weird situation?\"(break)speak Stranger \"Really? You really mean that? Oh, @, I'm so pleased.#$b#And I have hands now. And lips. I've been wanting to kiss you for so long.#$b#That's not weird is it? Okay, it's a little bit weird... am I babbling? I think I'm babbling...#$b#Why don't you come over here and make me shut up?\"/end dialogue MisterGinger \"I remembered my name, @! Or perhaps I just remembered one I liked better?#$b# Who knows? Anyway, It's Tristan. I'm Tristan.\""
                                },
                "When": {
                    "JustaCat": "false"
                                    }
   "50706132/f MisterGinger 3500/f Linus 1000/w sunny/d tue wed thu sat sun/t 2000 2400": "nightTime/-1000 -1000/MisterGinger 50 37 1 Linus 50 36 1 farmer -100 -100 0/addTemporaryActor VoidGolem 16 24 56 33 0 false/showFrame VoidGolem 18/skippable/viewport 46 37/pause 500/speak Linus \"Not a bad haul, Marmalade.#$b#We'll eat well tonight!\"/pause 500/faceDirection Linus 2/faceDirection MisterGinger 0/speak Linus \"Although I'm sure @ feeds you well.\"/pause 500/move Linus 3 0 1/move MisterGinger 5 0 1/pause 500/faceDirection MisterGinger 3/speak MisterGinger \"@ feeds me? I'm more than capable of feeding myself, thank you very much.$1#$b#Reigning Champion Mouser of the Ranch eight years in a row!$5#$b#Although yes, I do appreciate the cheese and fish.#1\"/pause 500/speak Linus \"Thanks for keeping me company this evening.\"/faceDirection Linus 0/pause 250/faceDirection Linus 1/pause 250/shake Linus 250/speak Linus \"Something feels a little... off... tonight, don't you think?\"/pause 500/faceDirection MisterGinger 0/pause 500/speak MisterGinger \"It smells like clouds on the edge of a storm.$2\"/pause 500/speak Linus \"The void is restless.#$b#We should hurry.\"/speed Linus 4/move Linus 3 0 0/pause 500/move Linus 0 -2 0/animate VoidGolem false false 250 18 19 20/jump Linus/animate VoidGolem false false 250 21 22 23 24 0/playSound shadowHit/speed Linus 8/move Linus 4 0 1/speed Linus 8/move Linus 0 2 0/shake Linus 350/pause 500/faceDirection VoidGolem 1/emote MisterGinger 16/animate VoidGolem false true 250 28 29 28 29/pause 500/move VoidGolem 1 0 1/speed MisterGinger 5/move MisterGinger 0 -4 1/speak MisterGinger \"Hey, you! void-breath!$4#$b#Leave my friend alone!$4\"/stopAnimation VoidGolem/pause 500/faceDirection VoidGolem 3/pause 500/textAboveHead VoidGolem \"Kit-ty?\"/pause 500/move VoidGolem -1 0 3/speak MisterGinger \"Don't call me kitty!$4\"/animate MisterGinger false false 250 52 53 52 53/pause 500/specificTemporarySprite swordswipe 56 33/pause 250/playSound shadowHit/pause 500/move VoidGolem 1 0 3/animate VoidGolem false true 250 30 31/pause 500/move MisterGinger 1 0 1/animate MisterGinger false false 250 52 53 52 53/specificTemporarySprite swordswipe 57 33/playSound shadowHit/pause 500/move MisterGinger -1 0 1/move VoidGolem 1 0 3/showFrame MisterGinger 38/pause 500/faceDirection VoidGolem 1/move VoidGolem 1 0 1/pause 500/speed MisterGinger 5/move MisterGinger 3 0 1/faceDirection VoidGolem 3/animate MisterGinger false false 250 52 53 52 53/pause 500/specificTemporarySprite swordswipe 58 33/playSound shadowHit/showFrame VoidGolem 25/pause 250/playSound golemDie/warp VoidGolem -100 -100/move MisterGinger 1 0 2/showFrame MisterGinger 38/pause 500/speak Linus \"Marmalade? Are you okay?\"/move Linus 0 -3 3/speak Linus \"You saved my life! You're a hero!\"/pause 500/playSound cat/speak Linus \"Oh, you're hurt! We'd better get you patched up.\"/pause 1000/end dialogue MisterGinger \"Oh don't fuss, @, it's just a scratch and Linus patched me up good.$2#$b#Actually, please do fuss. It hurts! Some cheese might help me heal.$2\""
        }
         "50706132/f MisterGinger 3500/f Linus 1000/w sunny/d tue wed thu sat sun/t 2000 2400": "nightTime/-1000 -1000/MisterGinger 50 37 1 Linus 50 36 1 farmer -100 -100 0/skippable/addTemporaryActor VoidGolem 16 24 56 33 0 false/showFrame VoidGolem 18/viewport 46 37/pause 500/speak Linus \"Not a bad haul, Marmalade.#$b#We'll eat well tonight!\"/pause 500/faceDirection Linus 2/faceDirection MisterGinger 0/speak Linus \"Although I'm sure @ feeds you well.\"/pause 500/move Linus 3 0 1/move MisterGinger 5 0 1/pause 500/faceDirection MisterGinger 3/speak MisterGinger \"@ feeds me? I'm more than capable of feeding myself, thank you very much.$1#$b#Reigning Champion Mouser of the Ranch eight years in a row!$5#$b#Although yes, I do appreciate the cheese and fish.#1\"/pause 500/speak Linus \"Thanks for keeping me company this evening.\"/faceDirection Linus 0/pause 250/faceDirection Linus 1/pause 250/shake Linus 250/speak Linus \"Something feels a little... off... tonight, don't you think?\"/pause 500/faceDirection MisterGinger 0/pause 500/speak MisterGinger \"It smells like clouds on the edge of a storm.$2\"/pause 500/speak Linus \"The void is restless.#$b#We should hurry.\"/speed Linus 4/move Linus 3 0 0/pause 500/move Linus 0 -2 0/animate VoidGolem false false 250 18 19 20/jump Linus/animate VoidGolem false false 250 21 22 23 24 0/playSound shadowHit/speed Linus 8/move Linus 4 0 1/speed Linus 8/move Linus 0 2 0/shake Linus 350/pause 500/faceDirection VoidGolem 1/emote MisterGinger 16/animate VoidGolem false true 250 28 29 28 29/pause 500/move VoidGolem 1 0 1/speed MisterGinger 5/move MisterGinger 0 -4 1/speak MisterGinger \"Hey, you! void-breath!$4#$b#Leave my friend alone!$4\"/stopAnimation VoidGolem/pause 500/faceDirection VoidGolem 3/pause 500/textAboveHead VoidGolem \"Kit-ty?\"/pause 500/move VoidGolem -1 0 3/speak MisterGinger \"Don't call me kitty!$4\"/animate MisterGinger false false 250 52 53 52 53/pause 500/specificTemporarySprite swordswipe 56 33/pause 250/playSound shadowHit/pause 500/move VoidGolem 1 0 3/animate VoidGolem false true 250 30 31/pause 500/move MisterGinger 1 0 1/animate MisterGinger false false 250 52 53 52 53/specificTemporarySprite swordswipe 57 33/playSound shadowHit/pause 500/move MisterGinger -1 0 1/move VoidGolem 1 0 3/showFrame MisterGinger 38/pause 500/faceDirection VoidGolem 1/move VoidGolem 1 0 1/pause 500/speed MisterGinger 5/move MisterGinger 3 0 1/faceDirection VoidGolem 3/animate MisterGinger false false 250 52 53 52 53/pause 500/specificTemporarySprite swordswipe 58 33/playSound shadowHit/showFrame VoidGolem 25/pause 250/playSound golemDie/warp VoidGolem -100 -100/move MisterGinger 1 0 2/showFrame MisterGinger 38/pause 500/speak Linus \"Marmalade? Are you okay?\"/move Linus 0 -3 3/move Linus/speak Linus \"You saved my life! You're a hero!\"/pause 500/playSound cat/speak Linus \"Oh, you're hurt! We'd better get you patched up.\"/pause 1000/end dialogue MisterGinger \"Oh don't fuss, @, it's just a scratch and Linus patched me up good.$2#$b#Actually, please do fuss. Oh, how it hurts!$2#$b#Cheese!I need cheese to heal!$2\""

        {"Logname": "Alternative 14-heart event part 1",
            "Action": "EditData",
            "Target": "Data/Events/Town",
            "Entries": {
                "50706132/f MisterGinger 3500/f Linus 1000/w sunny/d tue wed thu sat sun/t 2000 2400": "nightTime/-1000 -1000/MisterGinger 50 37 1 Linus 50 36 1 farmer -100 -100/addTemporaryActor VoidGolem 16 24 56 33 0 false/showFrame VoidGolem 18/skippable/viewport 46 37/pause 500/speak Linus \"Not a bad haul tonight, Marmalade.#$b#We'll eat well tonight\"/pause 500/faceDirection Linus 0/speak Linus \"Although I'm sure @ feeds you well.\"/pause 500/move Linus 3 0 1/move MisterGinger 5 0 1/pause 500/faceDirection MisterGinger 3/speak MisterGinger \"@ feeds me? I'm more than capable of feeding myself, thank you very much.$1#$b#Reigning Champion Mouser of the Ranch eight years in a row!$5#$b#Although yes, I do appreciate the cheese and fish.#1\"/pause 500/speak Linus \"Thanks for keeping me company this evening.\"/faceDirection Linus 0/pause 250/faceDirection Linus 1/pause 250/shake Linus 250/speak Linus \"Something feels a little... off... tonight, don't you think?\"/pause 500/faceDirection MisterGinger 0/pause 500/speak MisterGinger \"It smells like clouds on the edge of a storm.$2\"/pause 500/speak Linus \"The void is restless.#$b#We should hurry\"/speed Linus 4/move Linus 3 0 0/pause 500/animate VoidGolem false false 250 18 19 20 21 22 23 24/pause 750/playSound ShadowPeep/move Linus 0 -2 0/pause 250/jump Linus 3/speed Linus 5/move Linus 4 0 1/shake Linus 350/pause 500/faceDirection VoidGolem 1/emote MisterGinger 16/animate VoidGolem false true 250 28 29 28 29/pause 500/move VoidGolem 1 0 1/speed MisterGinger 5/move MisterGinger 0 -4 3/speak MisterGinger \"Hey, you! void-breath!$4#$b#Leave my friend alone!$4\"/stopAnimation VoidGolem/pause 500/faceDirection VoidGolem 3/pause 500/textAboveHead VoidGolem \"Kit-ty?\"/pause 500/move VoidGolem -1 0 3/speak MisterGinger \"Don't call me kitty!$4\"/animate MisterGinger false true 250 52 53/pause 500/specificTemporarySprite swordswipe 56 33/pause 250/playSound shadowHit/pause 500/move VoidGolem 1 0 3/animate VoidGolem false true 250 30 31/pause 500/move MisterGinger 1 0 1/specificTemporarySprite swordswipe 57 33/playSound ShadowHit/pause 500/stopAnimation MisterGinger/move MisterGinger -1 0 1/move VoidGolem 1 0 3/showFrame MisterGinger 38/pause 500/faceDirection VoidGolem 1/move VoidGolem 1 0 1/pause 500/speed 5/move MisterGinger 2 0 1/faceDirection VoidGolem 3/animate MisterGinger false false 250 52 53 52 53/pause 500/specificTemporary swordswipe 58 33/playSound shadowHit/showFrame VoidGolem 25/pause 250/playSound GolemDie/warp VoidGolem -100 -100/move MisterGinger 1 0 2/showFrame MisterGinger 38/pause 500/speak Linus \"Marmalade? Are you okay?\"/move Linus 0 -1 3/move Linus -1 0 3/speak Linus \"You saved my life! You're a hero!\"/pause 500/playSound cat/speak Linus \"Oh, you're hurt! We'd better get you patched up.\"/pause 1000/end dialogue MisterGinger \"Oh don't fuss, @, it's just a scratch and Linus patched me up good.$2#$b#Actually, please do fuss. It hurts! Some cheese might help me heal.$2\""
            },
            "When": { 
                "JustaCat": "true"
            }
        
        },
"50706132/f MisterGinger 3500/f Linus 1000/w sunny/d tue wed thu sat sun/t 2000 2400": "nightTime/-1000 -1000/MisterGinger 50 37 1 Linus 50 36 1/skippable/addTemporaryActor VoidGolem 16 24 56 33 0 false/showFrame VoidGolem 18/viewport 46 37/pause 500/speak Linus \"Not a bad haul, Marmalade.#$b#We'll eat well tonight!\"/pause 500/faceDirection Linus 2/faceDirection MisterGinger 0/speak Linus \"Although I'm sure @ feeds you well.\"/pause 500/move Linus 3 0 1/move MisterGinger 5 0 1/pause 500/faceDirection MisterGinger 3/speak MisterGinger \"@ feeds me? I'm more than capable of feeding myself, thank you very much.$1#$b#Reigning Champion Mouser of the Ranch eight years in a row!$5#$b#Although yes, I do appreciate the cheese and fish.#1\"/pause 500/speak Linus \"Thanks for keeping me company this evening.\"/faceDirection Linus 0/pause 250/faceDirection Linus 1/pause 250/shake Linus 250/speak Linus \"Something feels a little... off... tonight, don't you think?\"/pause 500/faceDirection MisterGinger 0/pause 500/speak MisterGinger \"It smells like clouds on the edge of a storm.$2\"/pause 500/speak Linus \"The void is restless.#$b#We should hurry.\"/speed Linus 4/move Linus 3 0 0/pause 500/move Linus 0 -2 0/animate VoidGolem false false 250 18 19 20/jump Linus/animate VoidGolem false false 250 21 22 23 24 0/playSound shadowHit/speed Linus 8/move Linus 4 0 1/speed Linus 8/move Linus 0 2 0/shake Linus 350/pause 500/faceDirection VoidGolem 1/emote MisterGinger 16/animate VoidGolem false true 250 28 29 28 29/pause 500/move VoidGolem 1 0 1/speed MisterGinger 5/move MisterGinger 0 -4 1/speak MisterGinger \"Hey, you! void-breath!$4#$b#Leave my friend alone!$4\"/stopAnimation VoidGolem/pause 500/faceDirection VoidGolem 3/pause 500/textAboveHead VoidGolem \"Kit-ty?\"/pause 500/move VoidGolem -1 0 3/speak MisterGinger \"Don't call me kitty!$4\"/animate MisterGinger false false 250 52 53 52 53/pause 500/specificTemporarySprite swordswipe 56 33/pause 250/playSound shadowHit/pause 500/move VoidGolem 1 0 3/animate VoidGolem false true 250 30 31/pause 500/move MisterGinger 1 0 1/animate MisterGinger false false 250 52 53 52 53/specificTemporarySprite swordswipe 57 33/playSound shadowHit/pause 500/move MisterGinger -1 0 1/move VoidGolem 1 0 3/showFrame MisterGinger 38/pause 500/faceDirection VoidGolem 1/move VoidGolem 1 0 1/pause 500/speed MisterGinger 5/move MisterGinger 3 0 1/faceDirection VoidGolem 3/animate MisterGinger false false 250 52 53 52 53/pause 500/specificTemporarySprite swordswipe 58 33/playSound shadowHit/showFrame VoidGolem 25/pause 250/playSound golemDie/warp VoidGolem -100 -100/move MisterGinger 1 0 2/showFrame MisterGinger 38/pause 500/speak Linus \"Marmalade? Are you okay?\"/move Linus 0 -3 3/move Linus/speak Linus \"You saved my life! You're a hero!\"/pause 500/playSound cat/speak Linus \"Oh, you're hurt! We'd better get you patched up.\"/pause 1000/end dialogue MisterGinger \"Oh don't fuss, @, it's just a scratch and Linus patched me up good.$2#$b#Actually, please do fuss. Oh, how it hurts!$2#$b#Cheese!I need cheese to heal!$2\""



        {
            "Action": "Load",
            "Target": "Characters/Stranger",
            "FromFile": "assets/Images/MisterGingerSprite2.png"
                        },
        {
            "Action": "Load",
            "Target": "Portraots/Stranger",
            "FromFile": "assets/Images/MisterGingerPortrait2.png"
                                        },

         {
             "Action": "Load",
             "Target": "Characters/MonaCute",
              "FromFile": "assets/Images/Cute-Mona.png"
                     },
        
        {
             "Action": "Load",
            "Target": "Characters/TristanCute",
            "FromFile": "assets/Images/cute-Tristan.png"
                    },    

        {
            "Action": "Load",
            "Target": "Characters/GingerCute",
             "FromFile": "assets/Images/cute-Ginger.png"
                    },
    
         {
            "Action": "Load",
             "Target": "Characters/WitchCute",
             "FromFile": "assets/Images/cute-Witch2.png"
                    },

        {"Logname": "Curse is broken",
            "Action": "EditData",
            "Target": "Data/Events/Farmhouse",
            "Entries": {
                "50706130/f MisterGinger 3500/e 50706129/d Tue Wed Thu Fri Sat Sun/L": "none/-100 -100/farmer -1000 -1000 0/addTemporaryActor Stranger 16 32 7 14 0 false/addTemporaryActor MonaCute 16 16 -100 -102 2 false/addTemporaryActor TristanCute 16 16 -101 -102 2 false/addTemporaryActor WitchCute 16 24 -1000 -1000 2 false/addTemporaryActor GingerCute 16 16 -1000 -1000 2 false/skippable/viewport X Y/playSound doorOpen/warp farmer 13 20/move farmer 0 1 0/pause 500/emote farmer 8/pause 500/faceDirection Stranger 2/pause 500/jump farmer 3/pause 500/faceDirection Stranger 2/speak Stranger \"Oh, hello handsome.^Oh, hello beautiful.$6#$b#I wanted to cook you dinner... but I'm afraid I'm out of practice.$5\"/quickQuestion?#Who are you and why are you in my kitchen?#What have you done with Mister Ginger?(break)speak Stranger \"Sorry, I didn't mean to startle you. But this is my home too.#$b#I'm sad you didn't recognise me, but I guess that makes sense\"(break)speak Stranger \"You seem very concerned about your cat. You must love him very much.$2\"/pause 500/emote farmer 28/pause 500/speak Stranger \"I'm afraid it's complicated.\"/quickQuestion #I'm calling the Adventurer's Guild!#I'm calling Mayor Lewis!#I have a sword, and I know how to use it!#Did you mention dinner?(break)speak Stranger \"Oh, please do! It's been years since I've seen Marlon like this!$1\"(break)speak Stranger \"Go ahead. Although I suspect our esteemed Mayor is too occupied with his 'business affairs'.$3\"(break)speak Stranger \"I know. And I'd really prefer you didn't use it on me - at least not until you hear me out.$2\"(break)speak Stranger \"A man after my own heart.$1^A woman after my own heart.$1#$b#However, I'm afraid it wasn't very successful.$2\"/speak Stranger \"Please, just listen. I'll try to explain.$2\"/pause 1500/fadeOut/warp Stranger -1000 -1000/warp farmer -1000 -1000/viewport -100 -98/speak Stranger \"Once upon a time, not very many years ago, there were a young man and a young woman.\"/pause 500/faceDirection MonaCute 1/faceDirection TristanCute 3/speak Stranger \"And they were - or at least, thought they were - in love.\"/showFrame TristanCute 16/showFrame MonaCute 16/showFrame TristanCute 17/showFrame MonaCute 17/pause 500/SpecificTemporarySprite Heart -100 -100/pause 500/speak Stranger \"Together they had many adventures: they swam, climbed trees...\"/faceDirection MonaCute 0/animate MonaCute 250 false true 8 9 10 11/animate TristanCute 250 false true 8 9 10 11/pause 1000/speak Stranger \"And stuck their noses into places they should not. And that was how, one day...\"/stopAnimation MonaCute/faceDirection MonaCute 1/stopAnimation TristanCute/faceDirection TristanCute 3/emote TristanCute 16/pause 1000/fadeOut/changeLocation WitchSwamp/warp MonaCute 20 21/warp TristanCute 21 21/fade/viewport 20 23/pause 500/faceDirection MonaCute 0/playSound stoneStep/pause 250/playSound stoneStep/textAbove Head MonaCute \"Hello?\"/pause 500/faceDirection MonaCute 1/textAboveHead MonaCute \"No-one's home.\"/pause 500/emote TristanCute 60/pause 500/textAboveHead MonaCute \"I'm going in\"/pause 500/faceDirection MonaCute 0/pause 500/playSound openChest/pause 500/emote TristanCute 28/pause 1000/fadeOut/changeLocation WitchHut/warp MonaCute 7 11/warp TristanCute 8 11/pause 500/move MonaCute 0 5 0/faceDirection TristanCute 1/pause 250/faceDirection TristanCute 0/pause 250/faceDirection TristanCute 3/pause 500/textAboveHead MonaCute \"Wow!\"/move MonaCute 0 4 1/pause 400/textAboveHead MonaCute \"This is amazing!\"/pause 500/textAboveHead MonaCute \"I wonder what happens...\"/pause 250/playSound dwoop/pause 500/playSound shadowPeep/pause 500/jump TristanCute 3/textAboveHead TristanCute \"What have you done?\"/pause 500/playSound cacklingWitch/pause 500/emote MonaCute 16/speed MonaCute 4/move MonaCute 0 -4 2/pause 250/speed MonaCute 4/move MonaCute 0 9 2/warp MonaCute -1000 -1000/speed TristanCute 4/speed TristanCute 4/move TristanCute -1 0 2/speed TristanCute 4/move TristanCute 0 -4 2/fadeOut/viewport -100 -100/changeLocation WitchSwamp/warp MonaCute 20 25/warp TristanCute 21 24/viewport 19 25/pause 500/playSound swordswipe/warp WitchCute 20 21/faceDirection MonaCute 0/faceDirection TristanCute 0/pause 500/shake MonaCute 250/jump TristanCute 3/textAboveHead WitchCute \"Meddling Children!\"/pause 500/showFrame TristanCute 18/move MonaCute 0 -1/showFrame MonaCute 18/pause 500/shake WitchCute 350/pause 500/animate WitchCute false false 350 4 5 6 7 8/pause 1250/warp TristanCute 20 23/pause 500/screenFlash 1/warp TristanCute -1000 -1000/warp GingerCute 20 23/pause 1000/emote MonaCute 16/faceDirection MonaCute/move MonaCute 0 7 2/warp MonaCute -1000 -1000/animate GingerCute false true 250/0 1 0 1/playSound cacklingwitch/fadeOut/warp WitchCute -1000 -1000/warp GingerCute -1000 -1000/viewport -100 -100/changeLocation Farmhouse/warp Stranger 13 23/warp farmer 13 21/pause 500/emote Stranger 28/pause 500/quickQuestion #She turned you into a cat?#What happened next?#Where's the girl now?#Why didn't you tell me?#Why aren't you ginger?#Do you have a name?(break)speak Stranger \"Yes, yes she did. And a cat I have been ever since. Until today.\"(break)speak Stranger \"I wandered lost, confused, and so very hungry.#$b#A kind man took me in and fed me, but I ran away. The valley called me home.\"(break)speak Stranger \"Not far from here, in town. But... she's gone, @. I wasn't there to protect her. She died.$2\"(break)speak Stranger \"That's the nature of a curse, @. I couldn't speak aloud of my... my condition.$2#$b#Besides, if you knew, it would forfeit the remedy.$3\"(break)speak Stranger \"Because I'm not? Why not a black cat? Only one person knows.$3#$b#And I don't want to ask her. Do you?$2\"(break)speak Stranger \"Yes... but the spell stole it. Maybe I'll find it again.#$b#Or I'll choose a new one. I don't recall being particularly attached to it.\"/pause 500/speak Stranger \"I'm sure you're wondering what broke the enchantment?#$b#What do you think? You've read fairy tales, haven't you?\"/pause 500/emote farmer 60/pause 500/speak Stranger \"Yes, my heart. Love. I know, it's totally corny.#$b#It was your love for a cat that broke the spell. And I hope, perhaps, that you can love the man as well.#$b#Because this man truly loves you./quickQuestion #I preferred the cat.#This is a lot. I need to think it over.#Oh, I guessed weeks ago.#Cat, man. Whatever. I love you too.(break)speak Stranger \"Oh....#$b#Sorry I'm not the... the person you wanted me to be. #$b#I've ruined everything. I'll see myself out.#$b#Goodnight @.\"(break)speak Stranger \"I understand. I'll give you some space. I can let myself out. I have thumbs again.#$b#I'll see you tomorrow. I hope? I love you.\"(break)speak Stranger \"Ah, my love, I knew you were onto it the moment we first met.#$b#And I suppose leaving books of fairy tales lying around wasn't exactly subtle.#$b#So... um, does that mean you want to stick with me? That you're good with this whole weird situation?\"(break)speak Stranger \"Really? You really mean that? Oh, @, I'm so pleased.#$b#And I have hands now. And lips. I've been wanting to kiss you for so long.#$b#That's not weird is it? Okay, it's a little bit weird... am I babbling? I think I'm babbling...#$b#Why don't you come over here and make me shut up?\"/end dialogue MisterGinger \"I remembered my name, @! Or perhaps I just remembered one I liked better?#$b# Who knows? Anyway, It's Tristan. I'm Tristan.\""
                                },
                "When": {
                    "JustaCat": "false"
                                    }
        },
        {"Logname": "Just a nightmare",
            "Action": "EditData",
            "Target": "Data/Events/Farm",
            "Entries": {
                "50706131/e 50706130": "continue/X Y/MisterGinger X Y 2 farmer X Y 2/shippable/pause 500/faceDirection MisterGinger 3/pause 500/emote MisterGinger ?/pause 500/speak MisterGinger \"What's wrong, @? Your forehead is going that weird creasing thing and you stink of unhappness.$2#$b#Which is similar to stewed cabbage, if you were curious.\"/pause 400/emote farmer .../quickQuestion #Last night you were a man?#I had a terrible dream.#Are you really a cat?(break)jump MisterGinger 3\\speak MisterGinger \"What??! A man!$4#$b#To no longer have this luxurious fur, this magnificant tail!#$b#What a disgusting notion!\"(break)speak MisterGinger \"Oh! What kind of dream?#$b#You dreamt I was a man? A disgusting, furless man.#$b#Ugh! Oh, sorry, no offence intended. But, gross! Your kind are clearly inferior to mine.\"(break)speak MisterGinger \"Hmmm, philosophy, this early in the morning? What is it, do you think, to be a cat?#$b#Four paws, check. Pointed ears, check. Manificent fluffy tail, all accounted for. Charming purr? Yep.#$b#I would say, all evidence confirms that yes, I am a cat.\"/pause 500/speak MisterGinger \"Is that all that was bothering you, @?\"/quickQuestion #Yep, that was about it.#Do you love me, Mr. Ginger#I'm hungry, shall we get breakfast?(break)speak MisterGinger \"Oh that's good! You had me worried there, you humans can be such moody creatures.#$b#Want me to catch you something small and squeaky for breakfast?#$b#No? Okay. All the more for me then!\"(break)speak MisterGinger \"Love? Of course I love you, @! You bring me fish, and cheese, and you're delightfully warm on a cold day.#$b#Plus you keep up a reasonable conversation, a vast improvement over all cats and most humans.#$b#What more could a feline ask for? You humans complicate emotions so much.\"(break)speak MisterGinger \"Sounds like a plan, I've got you well trained, haven't I?\"/pause 500/speak MisterGinger \"All better now? Word of advice, @?#$b#Humans can get too caught up in their imagination. You've gotta focus on what's real.#$b#Like cheese. Now, speaking of cheese...\"/pause 500/emote MisterGinger 20/emote farmer 32/pause 1000/end"
                                    },
                "When": {
                        "JustaCat": "true"
                }
                },








        {	"LogName": "8-heart Event",
            "Action": "EditData",
            "Target": "Data/Events/Forest",
                
        "Entries": {    
            "50706127/f MisterGinger 2000/t 1800 2200": "nightTime/-1000 -1000/Jas -100 -100 Shane -100 -100 MisterGinger X Y farmer X Y/skippable/viewport X Y/pause 500/move MisterGinger -1 0 0/playSound cat/pause 500/move MisterGinger 1 0 0/pause 500/playSound cat/pause 500/animate MisterGinger false false 250 16 17 18 19 18 19 18 19/playSound cat/pause 1500/pause 250/playSound woodStep/pause 250/faceDirection MisterGinger 2/jump MisterGinger 3/pause 500/speak MisterGinger \"@! I'm so glad you're here!#$b#I need your help!$2\"/pause 500/emote farmer ?/move farmer x 0 0/move farmer 0 x 0/pause 500/speak MisterGinger \"It's Jas! She's inside and she's scared and alone, and I can't get to her!$2\"/pause 500/emote farmer !/pause 500/speak MisterGinger \"She has terrible nightfears! Marnie's out, and Shane sleeps like the great useless meathead he is!\"/pause 250/move MisterGinger -1 0 3/pause 250/move MisterGinger 1 0 1/speak MisterGinger \"There's a key under that fake rock by the door.\"/pause 250/move MisterGinger -1 0 3/pause 250/move MisterGinger 1 0 1/pause 500/question fork1 \"Please, @, will you help me?#Of course I will!#Why? I'm not a babysitter.\"/fork NoHelpMrG/pause 500/emote Mister Ginger <3/playSound stoneCrack/pause 500/openChest/globalfade/viewport -1000 -1000/viewport -1000 -1000/changeLocation AnimalShop/warp Jas 30 15/warp Shane 31 16/warp farmer 10 18/warp MisterGinger 9 18/faceDirection Shane 2/faceDirection Jas 1/faceDirection MisterGinger 3/faceDirection farmer 3/viewport 11 8/pause 500/move MisterGinger -3 0 0/move MisterGinger 0 -5 0/pause 500/speak Shane \"... And the princess lowered her lips to press a delicate kiss upon the head of the frog...\"/shake MisterGinger 350/emote MisterGinger .../pause 500/move farmer -3 0 0/move farmer 0 -3 3/pause 500/speak Shane \"...There came a spark of light, bright enough to dazzle the princess.#$b#When her vision cleared, there, before her, crouched a man.\"/emote Jas <3/pause 500/speak Jas \"Not a man, a _prince_, a handsome prince.\"/faceDirection Shane 3/pause 500/emote Shane droplet/pause 500/speak Shane \"No, not a prince. A simple farmboy, who loved her with all his heart.#$b#Because, kiddo, you don't need a prince to be happy.\"/pause 500/speak Jas \"You just need to know there's someone else who cares.$4\"/pause 500/speak Shane \"Yeah, that's right, sweetheart.$l#$b#Now, you ready to go back to sleep yet? Nightmare forgotten?#$b#(Uncle Shane needs to rest his aching head.)\"/pause 500/speak Jas \"Not forgotten. But better. Yes, better.#$b#I think I can sleep now.\"/pause 500/speak Shane \"Good kiddo, let's get you tucked back into bed.\"/move Jas 0 1 2/speak Jas \"Goodnight Uncle Shane. Thank you. That made me feel much better.\"/pause 500/move Jas -1 0 2/showFrame Jas 25/showFrame Shane 0/emote Shane <3/viewport 11 18/move MisterGinger 0 1 1/showFrame MisterGinger 38/pause 500/speak MisterGinger \"She didn't need me after all. She has him now.\"/quickQuestion #She'll always need you. He's just her uncle - but you're her cat!#Kids get bored of their pets, it's true.#You're just a cat, Shane's her Uncle.#You'll always have me, Mr. Ginger. (break) speak MisterGinger \"Thank you, @. That makes me feel a lot better.$3#$b#%Mr. Ginger is purring\"/(break) speak MisterGinger \"I'm just a pet... No! I'm her friend...$2#$b#And I won't let you tell me otherwise!$4\"/(break) speak MisterGinger \"Family are more important than pets. I get it.$2#$b#I don't like it, but I get it.$2\"/(break) pause 500\\emote MisterGinger <3\\speak MisterGinger \"Really? Thank you, @. That means a lot.$5#$b#Mr. Ginger is purring.\"/pause 500/speak Jas \"*sleepily* Mr. Ginger? Mr. Ginger? Is that you?\"/pause 500/jump MisterGinger 3/emote MisterGinger !/pause 500/speak MisterGinger \"Bye @! Gotta go!$3\"/speed MisterGinger 4/move MisterGinger 0 -7 3/move Shane 2 0 2/faceDirection Jas 1/speed MisterGinger 4/move MisterGinger -3 0 3/move Misterginger 0 -1 3/emote MisterGinger <3/move Shane 0 2 3/speak Shane \"She really does love that cat.\"/move Shane 0 7 2/faceDirection Shane 1/pause 250/showFrame Shane 18/jump Shane 4/pause 250/emote Shane .../emote farmer 60/pause 1000/end warpOut",       
            "NoHelpMrG": "pause 500/speak MisterGinger \"You won't help me comfort a scared child?$4#$b#You're a terrible person, @. I can't believe I considered you my friend.$4\"/friendship MisterGinger -500/pause 250/animate MisterGinger false false 250 12 20 21 20 21/pause 2000/speak MisterGinger \"Don't worry Jas! I'm here!\"/move MisterGinger -1 0 0/playSound cat/pause 500/end warpOut"
    }
    },
        
    {	"LogName": "10-heart Event",
        "Action": "EditData",
        "Target": "Data/Events/Woods",
            
    "Entries": {
        "50706129/f MisterGinger 2500/t 1800 2200/w sunny": "woodsTheme/farmer 14 13 3 MisterGinger 8 8 0/changeToTemporaryMap CatPicnic/viewport -1000 -1000/warp farmer 14 13/warp MisterGinger 8 8/skippable/viewport 14 14/pause 500/speak MisterGinger \"Hey old stone guy? Is this weird? This is weird, isn't it.$2#$b#But he gave me the bouquet. That's gotta mean something right?$3^But she gave me the bouquet. That's gotta mean something, right?$3#$b#What if it works? What if it doesn't?$2#$b#Oh, what do you know? You're just a big blockhead.\"/pause 250/playSound woodyStep/pause 250/faceDirection MisterGinger 1/jump MisterGinger 3/pause 250/textAboveHead MasterGinger \"You're here!\"/speed MisterGinger 4/move MisterGinger 3 0 1/speed MisterGinger 4/move MisterGinger 0 5 1/move farmer -2 0 3/pause 250/emote farmer 32/speak MisterGinger \"I wasn't sure you'd come. I mean...\"/pause 250/faceDirection MisterGinger 3/pause 250/faceDirection MisterGinger 1/pause 500/speak MisterGinger \"...I mean, I am a cat.#$b#Obviously, we're a superior species, but, oh... nevermind.#$b#Anyway, come on.\"/pause 500/move MisterGinger -4 0 0/move farmer -4 0 0/pause 500/speak MisterGinger \"What do you think?\"/pause 500/quickQuestion#That's actually really impressive!#It looks delicious.#You call this a picnic?#I'm lactose intolerent.#Is this a supper for me, or for you?(break) speak MisterGinger \"Not bad for someone with no thumbs, right?$1#$b#Well, I had Jas to help me.$5\"(break) speak MisterGinger \"I'm so pleased you like it!$3\"(break) speak MisterGinger \"Oh...$2#$b#Well, sorry if it doesn't meet your high 'human standards'.$4#$B#Well, more for me then, I guess.$1\"(break) speak MisterGinger \"So am I, but it never stopped me!\"(break) speak MisterGinger \"True. I didn't know what you'd like, so I chose my favorite things!$1\"/pause 500/faceDirection farmer 3/stopMusic/pause 500/playMusic echos/speak MisterGinger \"Anyway, I invited you here because I'm sure you've realized by now that Stardew Valley is more than just a tiny valley in the middle of nowhere.#$b#It's a place where magical, wonderful things can happen.$3\"/positionOffset MisterGinger 1 0 1/pause 250/speak MisterGinger \"A place, for example, where a cat might be able to speak, and possibly, even...$5\"/pause 500/showFrame MisterGinger 25/pause 250/speak MisterGinger \"What I'm trying to say, @, is that I consider you one of my dearest friends.\"/question fork1 \"#And I hope you feel that way about me too?#I care for you too. A lot.#Friends with a cat? That's ridiculous!\"/fork RidiculousCat/pause 500/speak MisterGinger \"I'm so pleased to hear that, @.\"/pause 250/showFrame MisterGinger 23/positionOffset farmer -2 0/specificTemporarySprite heart 8 11/pause 2000/end warpOut",
        "RidiculousCat": "friendship MisterGinger -500/pause 250/speak MisterGinger \"Oh...$2#$b#Well, sorry to trouble you with my 'ridiculous' feline emotions.$4#$b#You might as well enjoy the picnic, I'm certainly not going to.$2\"/pause 250/animate MisterGinger false false 250 12 20 21 20 21/pause 2000/move MisterGinger -3 0 0/end warpOut"
    }
},

        
//debug apt
        
        
        {	"LogName": "4-heart Event",
            "Action": "EditData",
            "Target": "Data/Events/SeedShop",
                
        "Entries": {  
            "50706118/f MisterGinger 1000/t 1100 1500": "aerobics/-1000 -1000/farmer 14 12 1 Marnie 23 18 0 Robin 25 18 0 Caroline 24 15 2 Jodi 27 16 0 Pierre 9 17 1 MisterGinger 14 16 0/skippable/viewport 24 17 true/pause 500/animate Marnie false true 250 24 25 26 27/animate Jodi false true 250 19 19 19 19 20 21 22 23 23 23 23 22 21 20 19 19 20 21 22 23 23 23 23 22 21 20 21 22 23 22 21 20 22 23 22 21 20/animate Caroline false true 250 16 16 17 17 16 16 18 18/animate Robin false true 250 28 28 29 30 30 31/pause 1000/playSound doorOpen/move MisterGinger 0 -3 0/faceDirection Farmer 2/playSound cat/move farmer -1 0 1/pause 250/move MisterGinger 0 -1 1/speed MisterGinger 2/move MisterGinger 6 0 1 true/move Pierre 5 0 0 true/move farmer 0 1 1/pause 500/move MisterGinger 0 5 1 true/move farmer 6 0 1 true/move Pierre 0 -4 0 true/pause 500/move MisterGinger 4 0 0/pause 250/stopAnimation Caroline/pause 250/playSound cat/move Pierre 0 -1 3 true/emote Caroline 12/pause 250/textAboveHead MisterGinger \"Meow?\"/pause 250/textAboveHead Caroline \"Shoo!\"/stopAnimation Marnie/pause 500/speak Marnie \"Hello Mister Ginger! Dropped by to join us for some exercise, did you?\"/move Marnie 0 -1 1/pause 250/faceDirection MisterGinger 3/pause 500/textAboveHead MisterGinger \"Mirp!\"/pause 500/stopAnimation Robin/faceDirection Robin 0/pause 500/speak Robin \"Hello kitty! Aren't you a handsome fellow?\"/faceDirection MisterGinger 2/pause 500/animate MisterGinger false false 250 24 25 26 27 28/stopAnimation Jodi/pause 500/move Jodi -2 0 3/speak Jodi \"Mister Ginger? So that's his name?\"/pause 500/animate MisterGinger false True 120 29 30 31 30/pause 250/speak Marnie \"Well, it's what Jas named him.#$b#She says it's not his *real* name though.$3\"/pause 500/speak Robin \"And here I've been calling him Tiger!\"/pause 500/speak Jodi \"Sam calls him Goose. I'm not sure why.\"/pause 500/move Pierre 5 0 2/emote Caroline 40/pause 500/move farmer 0 4 1/move farmer 2 0 1/pause 500/faceDirection Marnie 3/pause 250/speak Marnie \"Ah, hello @. You know Mister Ginger, right?\"/pause 250/emote Caroline 40/pause 500/speak Caroline \"Okay ladies, we're here to exercise, not fawn over a silly cat.\"/pause 500/stopAnimation MisterGinger/faceDirection MisterGinger 0/pause 500/speak MisterGinger \"Murrrrrr....$4\"/pause 500/shake Marnie 350/pause 500/speak Marnie \"Oh no, now you've ticked him off.$u\"/pause 500/move Pierre 0 3 1/playSound coin/textAboveHead Pierre \"Hey!\"/faceDirection Marnie 3/faceDirection farmer 3/faceDirection Caroline 3/faceDirection Jodi 3/faceDirection Robin 3/faceDirection MisterGinger 3/animate MisterGinger false true 250 20 21/pause 500/     speak Pierre \"What's that cat doing in here?$a#$b#You know I'm A-A-A-aaa-CHOO!!!\"/shake Pierre 350/emote MisterGinger 28/pause 1000/end",
                }
            },

{	"LogName": "2-heart Event",
    "Action": "EditData",
	"Target": "Data/Events/Town",
        
        "Entries": {
            "50706117/f MisterGinger 500/t 1400 1700/w sunny": "springtown/43 75/Emily -100 -100 0 MisterGinger 45 71 0 farmer 38 72 2/skippable/pause 500/animate MisterGinger false true 250 18 19/playSound cat/pause 700/move farmer 3 0 1/pause 250/stopAnimation MisterGinger/animate MisterGinger false false 250 17 16/pause 500/faceDirection MisterGinger 3/pause 250/playSound cat/pause 1000/animate MisterGinger false true 250 16 17/pause 500/pause 250/playSound cat/emote farmer 8/playSound stonestep/pause 250/stopAnimation MisterGinger/pause 250/move MisterGinger 0 1 0/move MisterGinger 1 0 3/playSound doorOpen/warp Emily 45 71/pause 250/playSound cat/pause 250/playSound cat/pause 250/speak Emily \"Hello Osiris!\"/pause 250/speak MisterGinger \"Mirrrp?$2\"/pause 250/speak Emily \"Okay, okay... Don't tell Gus!\"/move MisterGinger 1 0 3/move MisterGinger 0 1 3/pause 250/playSound cat/move Emily 0 1 1/pause 250/add object 46 72 142 0/move MisterGinger -1 0 0/pause 250/playSound cat/pause 250/animate MisterGinger false false 250 42 43/animate MisterGinger false true 350 43 44 45 46/pause 500/speak Emily \"Oh, you are hungry, aren't you, Osiris\"/pause 250/move farmer 0 2 1/pause 250/emote farmer 8/pause 250/faceDirection Emily 3/pause 250/jump Emily 2/pause 250/speak Emily \"Oh, hello @! You surprised me!\"/pause 250/pause 250/speak Emily \"You're not going to tell Gus are you?\"/pause 250/emote farmer 32/pause 250/speak Emily \"Phew. I know Osiris lives on the ranch, and he's probably well fed - but he always seems so hungry.\"/pause 250/stopAnimation MisterGinger/pause 250/faceDirection MisterGinger 2/pause 250/animate MisterGinger false false 250 21 22 23 24 25/pause 250/playSound cat/pause 500/speak Emily \"He's a very special creature, Osiris. Sometimes I get the feeling that he's more than just a cat.\"/pause 500/playSound cat/speak Emily \"Although maybe there's no such thing as 'just a cat'!$3\"/pause 500/animate Misterginger false true 120 26 27 28 27/pause 250/question null \"What do you think, @?#There's definitely something unique about him!#All cats have a mind of their own.\"/pause 500/textAboveHead Emily \"Too right!\"/pause 250/stopAnimation Mister Ginger/showFrame MisterGinger 25/playSound cat/pause 250/pause 500/faceDirection Emily 2/faceDirection MisterGinger 0/speak Emily \"Did you like that, Osiris?\"/pause 250/speak MisterGinger \"Mirp!$1\"/pause 250/textAboveHead Emily \"I'm glad!\"/pause 250/faceDirection Emily 3/pause 250/speak Emily \"He appeared in town soon after Jas arrived here. She was just a tiny girl. An orphan!$2#$b#Nobody knew where he came from, or who he belonged to.#$b#I believe he's her guardian angel!$1\"/pause 250/playSound cat/pause 500/speak Emily \"Oops, I'd better go! Goodbye @! And goodbye Osiris! See you 'round!\"/faceDirection Emily 0/faceDirection farmer 0/pause 250/move Emily 0 -1 0/playSound doorOpen/warp Emily -100 -100/pause 500/faceDirection farmer 1/faceDirection MisterGinger 3/pause 250/speak MisterGinger \"Murrrrr?$2\"/pause 500/emote farmer 32/pause 1000/end"
            
          
        }
    },
    {
		
        "LogName": "Engagement Dialogue", 
        "Action": "EditData",
        "Target": "Data/EngagementDialogue",
        "Entries": {
            "MisterGinger0": "You do realize I'm a cat, don't you?#$b#Good, just checking.#$b#I'm fairly certain this is unorthodox even by your strange human standards, but fish and cheese for the rest of my life?$3",
            "MisterGinger1": "Do you doubt me, @? Everything is under control. I have contacts, you know.$1" 
    }
},



{
        "logname": "Marriage",
        "Action": "EditData",
        "Target": "Marriage_Dialogue",
        "Entries": {
            "Marriage_Accept": "You wish to marry me? You do realize I'm a cat, don't you?#$b#That's one of the reasons you want to marry me? Well, chop off my tail and call me a bunny!#$b#No actually, please don't. But fresh fish and cheese for the rest of my life? How could I possibly refuse?#$b#I shall organize everything. I have contacts, you know.$2"
        }
},

    ]
}


In case we need to drink potion and go on another spiritual journey: 
Farmer drinking:
pause 500/speak Wizard:

"50706127/f MisterGinger 1500 Wizard 500/t 1800 0200/i 769": "WizardSong/-1000 -1000/farmer -100 -100 0 Wizard 10 15 2 MisterGinger X Y 3/pause 500/speak Wizard \"I'm sorry I cannot help you with your more pressing problem, old friend. But perhaps... well, none of us can know what the future holds.\"/pause 500/playSound cat/pause 250/speak Wizard \"Oh yes, correct, except for Madame Welwick, but she's staying mute on this particular issue.\"/pause 500/playSound cat/pause 250/playSound cat/speak Wizard \"I know, I know. But patience, they say, is a virtue, and perhaps... well perhaps tonight will set the cogs in motion... the wheel turning...\"/playSound cat/pause 250/speak Wizard \"Okay, yes, I'm waffling again. I've been alone too long, my friend.\"/pause 500/playSound stoneStep/faceDirection MisterGinger 2/pause 250/speak Wizard \"And right on time. Our guest has arrived.\"/pause 500/playSound doorOpen/warp farmer 8 24/move farmer 0 -1 0/pause 250/speak Wizard \"Hello @, I'm pleased you could join us.\"/pause 500/playSound cat/pause 250/faceDirection Wizard 3/speak Wizard \"Yes, yes I know. Please, patience!\"/pause 500/faceDirection Wizard 1/speak Wizard \"Have you brought the item as requested, @?#$b#Excellent. Let us begin.#$b#What are we brewing? Oh, that's a surprise.$h\"/

move wizard towards farmer as though taking something from them, then towards the cauldron. move Mr G as well. Farmer should follow wizard

speak Wizard \"Right, here we go: an ounce of powdered stardust. A dram of pigeon's blood. The petals of a fairy rose.#$b#And, thanks to you, @, the final ingredient, the coup de grace: a fragment of darkness, a splinter from the heart of the void...\"/playSound cat/speak Wizard \"You get the idea!$h\"/removeItem 769/pause 500/playSound dropItemInWater/pause 250/showFrame Wizard 18/showFrame 96/pause 1000/speak Wizard \"Here. Drink up. I know last time was less than pleasant, but the benefit outweighs the cost, does it not?$h\"/pause 800/emote farmer 28/faceDirection farmer MrG/playSound cat/pause 500/showFrame Wizard 19/pause 800/showFrame farmer 90/pause 1000/farmerEat 184/pause 4000/playSound gulp/animate farmer false true 350 104 105/pause 4000/specificTemporarySprite farmerForestVision/pause 7000/pause 19500/globalFade .008/viewport -1000 -1000/warp MisterGinger X Y/playMusic none/pause 500/viewport 8 18 true/pause 500/speak MisterGinger \"Hello? @? Did it work?$2\"/pause 500/emote Wizard 8/pause 500/speak MisterGinger \"@? Are you okay?\"/pause 250/quickQuestion#I can't feel my feet.#Oh look, a talking cat!#It needed a slice of lemon.#That's the last time I'm drinking anything you offer!(break)emote Wizard 40\\speak Wizard \"Well, I must say, that's rather an unexpected side effect, but I'm sure it'll wear off in time.\"(break)speak MisterGinger \"It worked! It actually worked. Sorry I doubted you, Ras.$5\"(break)speak MisterGinger \"Hey Ras, sounds like someone appreciates your culinary talents!\"(break)speak Wizard \"You say that now, @, but you cannot deny that my brews are quite beneficial.\"/pause 500/faceDirection farm MrG/pause 250/emote farmer 16/speak MisterGinger \"Hey, @. It's great to have someone else to talk to.#$b#I mean, Ras is great - but well, (whispers)he's a bit tail-in-the-air, don't you think?...$1\"/pause 250/emote wizard 12/pause 500/speak Wizard \"I can hear you, you know. Kitty.\"/pause 250/speak MisterGinger \"Kitty... He knows I hate that name. So demeaning. Like I'm some sort of common house pet.$4#$b# Please don't ever call me kitty, @.$5\"/emote farmer 32/pause 1000/end",



$q 703/704 Tristan_the_Man#"I know who you are:
#$r 703 50 Tristan_Dad#You're Jas's dad!
#$r 704 20 Tristan_Wizard#You're the Wizard's brother!
#$r 704 -20 Tristan_Imp#You're a filthy imposter who's stolen my cat!",
    "Tristan_Dad": "Ah, dear @, I knew there was a reason I married you. And it wasn't just to break this wretched curse!#$b#You're right, I'm her father - but Shane, he's her 'dad'.#$b#Bit sappy eh? Yeh, well it's been a weird few weeks.",
    "Tristan_Wizard": "There's an interesting thought. #$b#But no, I cannot claim that felicitation."
    "Tristan_Imp": "Seriously? Okay, so maybe, just maybe, you're still in shock. Let's try this again, using shorter words, so you can understand.#$b#I was a cat. But now I'm a man. Comprehende?",

   But why aren't you ginger?
        "Because that's not how curses work, my love. 

What happened to me? Well, let's just say, don't peeve off witches. That's my free tip for the day.
        
"$q 701/702 Tristan_Reveal#Are you surprised, my love?
#$r 701 100 Tristan_Knew#Not even slightly, I guessed weeks ago!
#$r 702 50 Tristan_Yes#This is certainly... unexpected. I'm not sure what to say.
#$r 702 -100 Tristan_Horror#'Surprised'? I'm horrified! Where's my cat!
    "Tristan_Knew": "Ah you are the canny one, aren't you?"
    "Tristan_Yes": "That's fine... It's a lot to take in, I know. I'll let you have some time."
    "Tristan_Horror": "Oh... I thought you'd be more enthusiastic about it... Well, I guess I can see myself out.#$b#It's lucky I have thumbs now..."


    /specificTemporarySprite heart X Y/

    "Farmhouse"
    Harvey 7 14 0
    farmer 12 20/playSound doorClose/move farmer 0 -1 0/ (entering house)
    viewport 7 14 true/
    makeInvisible 4 14 6 1/specificTemporarySprite harveyKitchenSetup
    (Am guessing the first part covers the area so that you can't see what the tempSprite is covering?) This puts pans on the stove and covers the bench in stuff. I don't think we need to linger on this long.

    Am guessing we cannot walk around the farmhouse too much as furniture placement is unpredictable.

    Farmer comes home, enters house, finds a strange bearded man standing in the kitchen.
    He turns, smiles, and says, 'Oh, hello beautiful. I made you dinner. I hope you like crab cakes.'
    questionfork null 
        Who are you?
        Where's Mr Ginger?
        (Answer doesn't matter, he's going to explain anyway)

    'Ah, yes, I imagine you've got questions. First, let's eat, you must be famished.

    Farmer sits. 

    Can try this, might not work. It's hardcoded though so who knows? Will need to create a sitting sprite for Tristan. Not sure how it determines placement, but it seems Harvey isn't hard-coded into it, so might be able to replace him with someone else? Maybe it just looks for an empty area in the house? Or targets the fireplace? (what if you don't have a fireplace?).

    /pause 300/fade/viewport -1000 -1000/pause 2000/playMusic none/pause 3000/makeInvisible 5 14 4 2/ambientLight 180 180 0/playMusic kindadumbautumn/showFrame Harvey 51/positionOffset Harvey -8 0/faceDirection farmer 1/showFrame 117/specificTemporarySprite harveyDinnerSet/pause 4000/

    Harvey eating animation, if I want to steal it. Maybe make him eat faster. /animate Harvey false true 300 51 52/speak Harvey

    'You're not eating? I wouldn't poison you, you know. Well, not intentionally anyway... It's been a while since I cooked.'
    
    question fork What_the_heck \"What do you say:#What have you done with Mister Ginger?#Please, just tell me what's going on!\"/questionFork WTH_/You're very concerned about your cat. You must love him very much.'
    
   

        

