{
			
				"Event.cs.1736": "$q -1 null#...Looks at these humans, prancing around like bunnies in spring.#$r -1 0 danceAsk#(Ask {0} to be your dance partner)#$r -1 0 null#Nevermind...",
				"NPC.cs.3980": "You wish to marry me? You do realize I'm a cat, don't you?#$b#That's one of the reasons you want to marry me? Fresh fish and cheese for the rest of my life? How could I possibly refuse?$1#$b#I shall organize everything. I have contacts, you know. It'll take three days.$4",
				"NPC.cs.4001": "I found this weird fruit. It didn't look tasty, so I figured you might like it.$1#$b#It made me feel kinda warm and tingly, like a good head scritch. Speaking of head scritches...$l",
				"NPC.cs.4439": "A miniature human stumbling around? It better not step on my tail!#$b#Still, whatever makes you happy. I'll deal.$3",
                "NPC.cs.4440": "Let me get this straight: you fill in some paperwork, and they deliver a baby to the door?#$b#That's much less messy than the way cats do things.",
                "NPC.cs.4441": "Mirp? {0}, I accidently chewed on the adoption papers.#$b#What? They were fluttering in the wind, I thought they were a moth.",
				"NPC.cs.4444": "Babies... they're human kittens, right? This is gonna be great! I'm gonna teach it to hunt, and climb trees and... what?$1",
				"NPC.cs.4447": "What sort of things do babies like? Sleeping, screaming?#$b#Those big fluffy fake animals with glass eyes? You can keep those away from me! Freakish things.",
				"NPC.cs.4448": "...You smell weird. Not bad weird, just different weird.#$b#Oh that's right, you're having a baby.$h",
				"NPC.cs.4449": "I need a minute to myself...  Hey, they're not MY kids.$4",
				"NPC.cs.4462": "I got up early and watered some crops for you. And you know how I feel about water!",
				"NPC.cs.4463": "#$e#I filled {0}'s water bowl. Poor, simple house pets, don't know enough to find their own water.",
				"NPC.cs.4465": "Mirrrp? Have you brought me something delicious {0}?",
				"NPC.cs.4466": "*yawns* Ah, good morning, {0}. I was just catching up on my beauty sleep.",
				"NPC.cs.4470": "I got up early to water your crops, and almost got doused by the sprinklers!$2#$b#They're evil, I tell you, evil!.$4",
				"NPC.cs.4474": "I got up early and fed all your dim-witted farm animals. Now you've more time to catch me fish.$1",
				"NPC.cs.4481": "I couldn't sleep, so I got up and repaired a few of the fences. Can't have the animals running away, can we just?",
                "NPC.cs.4500": "Humans... can't tidy up after themselves. What sort of mess do you call this? At least all I leave is my fur."
                
			},
		
// Pre-14 hearts
	{
				"Entries": {
				"NewChild_SecondChild1": "Not gonna lie, I thought one human kitten would be enough. Still, this one's kinda cute.",
				"NewChild_SecondChild2": "Oooh, another small squishy playmate. I promise not to use my claws!",
				"NewChild_Adoption": "This is gonna be so much fun! Oooh, if we don't like it, can we send it back, choose another one? That's not how it works? Oh.",
				"NewChild_FirstChild": "Hey, they have my eyes, don't you think? I'm kidding! But seriously...",
				"Spouse_KitchenBlocked": "How am I supposed to get into the kitchen? There were crumbs that needed cleaning up!",
				"Spouse_MonstersInHouse": "Is that a monster? It's just like a giant rat. I can take it.",
				"Mines_PlayerKilled_Spouse_PlayerMale": "You know what they said about curiosity and the cat... Except you're the cat! Oh, what happened to you?",
				"Mines_PlayerKilled_Spouse_PlayerFemale": "You know what they said about curiosity and the cat... Except you're the cat! Oh, what happened to you?",
			},

	// Post-14 hearts
	{
		"NewChild_SecondChild1": "Two children. Who would've guessed I'd ever be a family man?",
		"NewChild_SecondChild2": "",
		"NewChild_Adoption": "So, you ready to be the best parents {0} could ever have?#$b#I feel I'm up for the challenge!",
		"NewChild_FirstChild": "So, you ready to be the best parents {0} could ever have?#$b#I feel I'm up for the challenge!",
		"Spouse_KitchenBlocked": "Beloved, you've cluttered up the kitchen again. And here I was planning to cook you dinner.$2",
		"Spouse_MonstersInHouse": "Err, my love? There appears to be a monster in the house.",
		"Mines_PlayerKilled_Spouse_PlayerMale": "",
		"Mines_PlayerKilled_Spouse_PlayerFemale": "",
	},
	